,Unnamed: 0,Time,Force,L_pitchAcc,L_yawAcc,L_surgeAcc,L_rollAcc,L_pitchVel,L_yawVel,L_surgeVel,L_rollVel,L_pitch,L_yaw,L_surge,L_roll,L_x,L_y,L_z,L_motion,R_pitchAcc,R_yawAcc,R_surgeAcc,R_rollAcc,R_pitchVel,R_yawVel,R_surgeVel,R_rollVel,R_pitch,R_yaw,R_surge,R_roll,R_x,R_y,R_z,R_motion
61,61,4.453241109848023,0.0,-0.15,0.13,0.18,0.04,0.19,-0.0,-0.07,0.01,-5.1,7.9,-16.02,2.52,-17.7,0.07,28.75,1.11,-30.19,-32.25,16.09,-17.08,6242.0,-62.0,-34793.0,-843.0,0.0,0.0,0.0,0.0,0.0,0.0,1,1
62,62,4.514978408813477,0.0,0.06,0.04,0.28,0.09,0.21,-0.0,0.13,-0.02,-1.31,10.39,0.77,8.17,-5.05,0.05,36.67,0.1,-30.26,-31.63,16.13,-16.59,5939.0,-59.0,-32593.0,-837.0,0.0,0.0,0.0,0.0,0.0,0.0,1,1
63,63,4.565838575363159,0.0,0.01,-0.06,0.18,0.0,0.08,0.0,-0.01,-0.01,-0.54,6.97,11.51,8.38,-0.17,0.07,36.08,-0.58,-30.3,-31.22,16.81,-16.09,5929.0,-55.0,-30464.0,-871.0,0.0,0.0,0.0,0.0,0.0,0.0,1,1
64,64,4.627637624740601,0.0,0.08,-0.1,-0.15,-0.01,0.0,-0.0,-0.23,-0.0,4.61,0.97,2.53,8.05,-0.05,0.05,21.92,-0.85,-30.01,-31.16,16.97,-15.6,5926.0,-52.0,-29127.0,-923.0,0.0,0.0,0.0,0.0,0.0,0.0,1,1
65,65,4.688645362854004,0.0,-0.01,-0.07,-0.26,-0.17,-0.0,0.0,-0.29,0.01,4.13,-3.35,-12.99,-2.22,-0.05,0.05,4.8,-0.32,-29.77,-31.36,16.19,-15.74,5923.0,-49.0,-28839.0,-942.0,0.0,0.0,0.0,0.0,0.0,0.0,1,1
66,66,4.7503814697265625,0.0,-0.06,0.0,0.03,-0.11,0.0,-0.0,-0.08,0.01,0.67,-3.06,-11.22,-8.87,-0.03,0.03,-0.31,0.1,-29.72,-31.55,15.49,-16.29,5921.0,-47.0,-28858.0,-936.0,0.0,0.0,0.0,0.0,0.0,0.0,1,1
67,67,4.811181306838989,0.0,-0.05,0.09,0.03,-0.08,0.0,-0.0,-0.25,0.01,-2.1,2.15,-9.51,-13.77,0.0,0.0,-15.52,0.45,-29.85,-31.42,14.92,-17.11,5921.0,-47.0,-29789.0,-909.0,0.0,0.0,0.0,0.0,0.0,0.0,0,1
68,68,4.873018741607666,0.0,0.02,-0.01,0.13,0.12,0.0,-0.0,0.15,-0.0,-1.02,1.45,-1.73,-6.42,0.0,-0.02,-6.45,0.15,-29.91,-31.33,14.81,-17.51,5921.0,-48.0,-30189.0,-900.0,0.0,0.0,0.0,0.0,0.0,0.0,1,1
69,69,4.934817790985107,0.0,0.06,-0.02,-0.06,0.02,0.0,-0.0,-0.07,-0.0,2.71,0.47,-5.2,-5.06,1.15,-0.03,-10.57,-0.03,-29.75,-31.3,14.5,-17.81,5990.0,-50.0,-30823.0,-902.0,0.0,0.0,0.0,0.0,0.0,0.0,1,1
70,70,4.995691299438477,0.0,-0.0,0.03,0.22,0.03,0.01,-0.0,0.06,0.01,2.7,2.19,7.84,-3.44,1.65,-0.07,-7.08,0.27,-29.59,-31.17,14.97,-18.02,6089.0,-54.0,-31248.0,-886.0,0.0,0.0,0.0,0.0,0.0,0.0,1,1
71,71,5.057490110397339,0.0,0.01,0.02,-0.21,-0.08,0.02,-0.0,0.12,-0.01,3.11,3.28,-5.0,-8.01,2.88,-0.1,0.03,-0.13,-29.4,-30.97,14.67,-18.5,6262.0,-60.0,-31246.0,-894.0,0.0,0.0,0.0,0.0,0.0,0.0,1,1
72,72,5.118391036987305,0.0,-0.02,0.01,-0.13,-0.1,-0.02,0.0,-0.0,0.0,1.63,4.08,-13.01,-13.89,1.45,-0.07,-0.03,0.07,-29.31,-30.73,13.89,-19.33,6349.0,-64.0,-31248.0,-890.0,0.0,0.0,0.0,0.0,0.0,0.0,1,1
73,73,5.180232524871826,0.0,-0.06,-0.03,0.01,-0.1,-0.02,0.0,0.08,0.01,-1.73,2.35,-12.3,-20.15,0.02,0.08,4.56,0.41,-29.41,-30.59,13.14,-20.56,6350.0,-59.0,-30970.0,-865.0,0.0,0.0,0.0,0.0,0.0,0.0,1,1
74,74,5.241032600402832,0.0,0.07,-0.0,-0.1,-0.08,0.0,-0.0,0.12,-0.0,2.8,2.33,-18.67,-25.16,0.08,-0.1,11.61,0.16,-29.24,-30.44,12.0,-22.1,6355.0,-65.0,-30262.0,-855.0,0.0,0.0,0.0,0.0,0.0,0.0,1,1
75,75,5.29189395904541,0.0,0.07,-0.02,0.15,0.28,0.02,-0.0,0.07,-0.0,6.86,1.21,-9.74,-7.82,1.28,-0.15,15.85,0.02,-28.82,-30.37,11.41,-22.58,6433.0,-74.0,-29295.0,-854.0,0.0,0.0,0.0,0.0,0.0,0.0,1,1
76,76,5.353762149810791,0.0,-0.01,-0.05,-0.11,0.08,0.08,-0.0,-0.11,-0.01,6.5,-1.79,-16.05,-2.83,5.92,-0.17,9.47,-0.37,-28.43,-30.48,10.44,-22.75,6788.0,-84.0,-28727.0,-876.0,0.0,0.0,0.0,0.0,0.0,0.0,1,1
77,77,5.415533781051636,0.0,-0.03,-0.04,0.02,0.04,-0.09,0.0,-0.12,0.01,4.85,-4.34,-14.66,-0.67,0.44,-0.1,2.13,0.15,-28.14,-30.74,9.55,-22.79,6815.0,-90.0,-28597.0,-867.0,0.0,0.0,0.0,0.0,0.0,0.0,1,1
78,78,5.476403713226318,0.0,-0.05,0.06,0.43,-0.03,-0.01,0.0,0.23,0.01,1.74,-1.0,11.4,-2.32,0.13,0.1,16.02,0.5,-28.03,-30.8,10.23,-22.92,6823.0,-84.0,-27636.0,-837.0,0.0,0.0,0.0,0.0,0.0,0.0,1,1
79,79,5.53824257850647,0.0,0.0,0.05,-0.05,0.1,-0.0,-0.0,0.12,-0.02,1.74,1.71,8.67,3.67,0.0,0.0,23.12,-0.93,-27.93,-30.7,10.75,-22.7,6823.0,-84.0,-26249.0,-893.0,0.0,0.0,0.0,0.0,0.0,0.0,0,1
80,80,5.599047422409058,0.0,0.01,0.05,-0.16,-0.07,-0.0,-0.0,-0.28,0.01,2.52,4.93,-1.2,-0.49,0.0,0.03,6.3,-0.08,-27.78,-30.4,10.68,-22.73,6823.0,-82.0,-25871.0,-898.0,0.0,0.0,0.0,0.0,0.0,0.0,1,1
81,81,5.661004304885864,0.0,0.06,-0.1,-0.05,-0.02,-0.0,-0.0,-0.08,0.0,6.01,-0.83,-4.07,-1.79,-0.1,-0.1,1.32,-0.03,-27.41,-30.45,10.44,-22.84,6817.0,-88.0,-25792.0,-900.0,0.0,0.0,0.0,0.0,0.0,0.0,1,1
82,82,5.721747636795044,0.0,-0.06,-0.01,0.11,0.02,-0.01,0.0,-0.12,0.01,2.18,-1.46,2.91,-0.44,-0.77,0.1,-5.93,0.28,-27.28,-30.54,10.61,-22.87,6770.0,-82.0,-26154.0,-883.0,0.0,0.0,0.0,0.0,0.0,0.0,1,1
83,83,5.783692836761475,0.0,-0.0,-0.05,0.08,-0.01,0.05,-0.0,-0.01,0.0,1.93,-4.63,8.0,-0.79,2.28,0.05,-6.43,0.38,-27.17,-30.82,11.09,-22.92,6907.0,-79.0,-26540.0,-860.0,0.0,0.0,0.0,0.0,0.0,0.0,1,1
84,84,5.8443922996521,0.0,-0.03,-0.03,-0.0,0.02,0.18,-0.0,0.11,-0.0,-0.1,-6.32,7.85,0.49,13.33,0.0,-0.07,0.08,-27.17,-31.2,11.57,-22.89,7707.0,-79.0,-26544.0,-855.0,0.0,0.0,0.0,0.0,0.0,0.0,1,1
85,85,5.89634108543396,0.0,0.0,0.13,-0.05,0.02,-0.05,-0.0,0.12,-0.0,0.03,1.69,4.91,1.45,10.03,0.03,7.52,-0.07,-27.17,-31.1,11.86,-22.8,8319.0,-77.0,-26085.0,-859.0,0.0,0.0,0.0,0.0,0.0,0.0,1,1
86,86,5.957122087478638,0.0,-0.05,0.06,-0.09,-0.02,0.01,0.0,0.19,0.0,-2.8,5.49,-0.14,0.27,10.66,0.05,18.46,0.19,-27.34,-30.77,11.86,-22.78,8948.0,-74.0,-24996.0,-848.0,0.0,0.0,0.0,0.0,0.0,0.0,1,1
87,87,6.019063949584961,0.0,0.03,-0.06,-0.01,-0.03,-0.07,-0.0,0.08,-0.01,-1.09,2.09,-0.97,-1.73,6.38,-0.03,23.38,-0.27,-27.4,-30.65,11.8,-22.89,9331.0,-76.0,-23593.0,-864.0,0.0,0.0,0.0,0.0,0.0,0.0,1,1
88,88,6.080790519714356,0.0,0.04,-0.03,0.05,-0.01,-0.08,0.0,0.13,-0.0,1.67,0.02,1.88,-2.25,1.69,-0.03,31.61,-0.53,-27.3,-30.65,11.92,-23.03,9436.0,-78.0,-21633.0,-897.0,0.0,0.0,0.0,0.0,0.0,0.0,1,1
89,89,6.141630172729492,0.0,0.01,0.02,-0.17,0.05,-0.04,0.01,-0.0,0.01,2.01,1.12,-8.56,0.72,-0.95,0.28,31.47,-0.18,-27.18,-30.58,11.4,-22.98,9379.0,-61.0,-19745.0,-908.0,0.0,0.0,0.0,0.0,0.0,0.0,1,1
90,90,6.202470064163208,0.0,0.02,-0.06,-0.02,0.12,-0.05,0.0,-0.38,0.01,3.45,-2.35,-9.86,8.01,-3.8,0.37,8.7,0.65,-26.97,-30.72,10.81,-22.5,9151.0,-39.0,-19223.0,-869.0,0.0,0.0,0.0,0.0,0.0,0.0,1,1
91,91,6.264382362365723,0.0,-0.04,0.08,0.17,-0.15,0.07,-0.0,-0.14,-0.01,1.15,2.38,0.25,-0.79,0.05,0.15,0.39,0.17,-26.9,-30.58,10.82,-22.55,9154.0,-30.0,-19200.0,-859.0,0.0,0.0,0.0,0.0,0.0,0.0,1,1
92,92,6.316132307052612,0.0,0.0,-0.02,0.02,-0.03,0.0,-0.01,-0.03,-0.0,1.26,1.03,1.39,-2.87,0.25,-0.21,-1.64,0.0,-26.83,-30.52,10.91,-22.72,9169.0,-43.0,-19300.0,-859.0,0.0,0.0,0.0,0.0,0.0,0.0,1,1
93,93,6.377111673355103,0.0,0.01,0.02,0.03,0.06,0.03,-0.0,-0.03,-0.0,1.83,2.13,2.99,0.87,1.78,-0.47,-3.47,-0.25,-26.72,-30.39,11.09,-22.67,9274.0,-71.0,-19505.0,-874.0,0.0,0.0,0.0,0.0,0.0,0.0,1,1
94,94,6.437836647033691,0.0,-0.0,-0.02,-0.12,-0.02,-0.03,0.01,-0.04,-0.0,1.67,0.98,-3.92,-0.57,0.22,-0.07,-6.05,-0.51,-26.62,-30.33,10.85,-22.71,9287.0,-75.0,-19862.0,-904.0,0.0,0.0,0.0,0.0,0.0,0.0,1,1
95,95,6.499780654907227,0.0,0.0,-0.01,0.05,0.11,-0.0,0.0,-0.2,0.01,1.71,0.55,-0.71,6.07,0.03,0.0,-18.66,0.26,-26.51,-30.3,10.81,-22.33,9289.0,-75.0,-21019.0,-888.0,0.0,0.0,0.0,0.0,0.0,0.0,1,1
96,96,6.561476469039917,0.0,0.01,-0.01,0.07,-0.02,-0.0,0.0,-0.1,0.01,2.23,0.07,3.57,4.88,0.02,0.0,-24.68,1.13,-26.38,-30.3,11.02,-22.04,9290.0,-75.0,-22500.0,-820.0,0.0,0.0,0.0,0.0,0.0,0.0,1,1
97,97,6.622393131256104,0.0,-0.01,0.02,0.04,-0.05,-0.0,0.0,0.06,-0.01,1.57,1.49,5.76,1.92,0.0,0.0,-21.0,0.28,-26.28,-30.21,11.37,-21.92,9290.0,-75.0,-23760.0,-803.0,0.0,0.0,0.0,0.0,0.0,0.0,0,1
98,98,6.684175491333008,0.0,0.01,-0.03,-0.02,-0.01,-0.0,0.0,-0.06,-0.0,2.12,-0.16,4.77,1.4,0.0,0.0,-24.39,0.07,-26.16,-30.22,11.65,-21.84,9290.0,-75.0,-25199.0,-799.0,0.0,0.0,0.0,0.0,0.0,0.0,0,1
99,99,6.735154151916504,0.0,-0.01,0.02,0.03,0.01,-0.0,0.0,0.07,-0.0,1.62,0.93,6.5,1.94,-0.82,0.13,-20.4,-0.07,-26.06,-30.16,12.04,-21.72,9241.0,-67.0,-26423.0,-803.0,0.0,0.0,0.0,0.0,0.0,0.0,1,1
100,100,6.795847415924072,0.0,0.0,-0.01,0.03,0.04,-0.01,0.0,0.26,0.0,1.85,0.11,8.18,4.6,-1.45,0.18,-4.53,0.1,-25.95,-30.15,12.53,-21.45,9154.0,-56.0,-26695.0,-797.0,0.0,0.0,0.0,0.0,0.0,0.0,1,1
101,101,6.857826232910156,0.0,0.01,-0.01,-0.01,-0.02,0.0,0.0,0.08,-0.01,2.19,-0.28,7.38,3.48,-1.44,0.29,-0.05,-0.36,-25.82,-30.17,12.97,-21.24,9069.0,-39.0,-26698.0,-818.0,0.0,0.0,0.0,0.0,0.0,0.0,1,1
102,102,6.919550180435181,0.0,-0.0,-0.01,-0.18,0.02,0.02,-0.0,-0.26,0.01,2.18,-0.72,-3.38,4.67,-0.03,0.16,-15.84,0.43,-25.69,-30.21,12.76,-20.96,9067.0,-29.0,-27664.0,-792.0,0.0,0.0,0.0,0.0,0.0,0.0,1,1
103,103,6.980499029159546,0.0,-0.01,0.02,0.11,-0.03,0.01,-0.0,-0.28,0.01,1.74,0.32,3.18,2.97,0.4,0.05,-32.4,0.93,-25.58,-30.2,12.95,-20.78,9091.0,-26.0,-29608.0,-736.0,0.0,0.0,0.0,0.0,0.0,0.0,1,1
104,104,7.042240142822266,0.0,0.01,-0.02,-0.05,0.14,-0.07,-0.0,0.4,-0.01,2.32,-0.79,0.52,11.15,-3.75,-0.02,-8.64,0.2,-25.45,-30.24,12.98,-20.12,8870.0,-27.0,-30118.0,-724.0,0.0,0.0,0.0,0.0,0.0,0.0,1,1
105,105,7.103169202804565,0.0,-0.01,0.01,-0.06,-0.01,-0.12,-0.0,0.35,-0.0,1.81,0.09,-2.87,10.41,-11.25,-0.08,12.67,-0.07,-25.34,-30.24,12.81,-19.48,8184.0,-32.0,-29345.0,-728.0,0.0,0.0,0.0,0.0,0.0,0.0,1,1
106,106,7.1650097370147705,0.0,-0.01,0.01,0.08,-0.08,0.03,0.0,0.2,-0.01,1.26,1.0,2.16,5.58,-9.26,-0.05,25.16,-0.6,-25.26,-30.17,12.94,-19.14,7610.0,-35.0,-27785.0,-765.0,0.0,0.0,0.0,0.0,0.0,0.0,1,1
107,107,7.215872764587402,0.0,-0.01,0.01,0.01,0.02,0.1,-0.0,-0.06,0.0,0.61,1.46,2.86,6.9,-3.03,-0.32,21.57,-0.37,-25.22,-30.09,13.11,-18.73,7428.0,-54.0,-26491.0,-787.0,0.0,0.0,0.0,0.0,0.0,0.0,1,1
108,108,7.27759861946106,0.0,0.0,-0.01,0.05,-0.06,0.06,0.0,-0.24,0.0,0.9,1.14,6.03,3.58,0.48,-0.02,7.1,-0.18,-25.17,-30.02,13.48,-18.51,7457.0,-55.0,-26065.0,-798.0,0.0,0.0,0.0,0.0,0.0,0.0,1,1
109,109,7.338524341583252,0.0,0.01,-0.01,-0.05,-0.02,0.06,0.0,-0.1,0.0,1.24,0.57,3.01,2.13,4.0,0.0,1.55,-0.02,-25.1,-29.98,13.65,-18.39,7689.0,-55.0,-25975.0,-799.0,0.0,0.0,0.0,0.0,0.0,0.0,1,1
110,110,7.40027928352356,0.0,0.01,-0.01,0.02,-0.06,-0.02,0.0,0.08,0.0,1.78,0.05,4.28,-1.5,3.07,0.1,6.07,0.02,-24.99,-29.98,13.91,-18.48,7873.0,-49.0,-25611.0,-798.0,0.0,0.0,0.0,0.0,0.0,0.0,1,1
111,111,7.461212873458862,0.0,-0.0,0.0,-0.08,0.01,-0.02,0.0,0.11,0.0,1.5,0.19,-0.58,-0.92,1.64,0.24,12.27,0.02,-24.9,-29.97,13.87,-18.53,7970.0,-35.0,-24887.0,-797.0,0.0,0.0,0.0,0.0,0.0,0.0,1,1
112,112,7.512933492660522,0.0,0.0,0.0,-0.02,-0.04,0.04,-0.0,-0.04,-0.0,1.76,0.2,-1.86,-3.13,4.13,0.0,9.88,-0.2,-24.8,-29.96,13.76,-18.72,8218.0,-35.0,-24294.0,-809.0,0.0,0.0,0.0,0.0,0.0,0.0,1,1
113,113,7.57391357421875,0.0,-0.0,-0.01,-0.03,-0.05,0.06,-0.0,-0.05,0.01,1.47,-0.2,-3.46,-6.4,7.52,0.1,7.1,0.18,-24.71,-29.97,13.55,-19.1,8669.0,-29.0,-23868.0,-798.0,0.0,0.0,0.0,0.0,0.0,0.0,1,1
114,114,7.635652780532837,0.0,-0.0,-0.01,0.02,0.0,-0.05,0.0,-0.0,-0.0,1.31,-0.68,-2.27,-6.28,4.78,0.15,6.83,0.17,-24.63,-30.01,13.42,-19.48,8956.0,-20.0,-23458.0,-788.0,0.0,0.0,0.0,0.0,0.0,0.0,1,1
115,115,7.696447372436523,0.0,-0.01,0.03,-0.0,-0.0,-0.02,-0.0,-0.05,-0.01,0.45,1.14,-2.28,-6.35,3.8,0.07,3.75,-0.22,-24.6,-29.94,13.28,-19.86,9184.0,-16.0,-23233.0,-801.0,0.0,0.0,0.0,0.0,0.0,0.0,1,1
116,116,7.758314847946167,0.0,0.01,-0.0,-0.03,0.03,0.0,-0.0,-0.03,0.0,0.85,1.09,-3.88,-4.53,3.84,0.0,1.95,-0.1,-24.55,-29.88,13.04,-20.14,9418.0,-16.0,-23114.0,-807.0,0.0,0.0,0.0,0.0,0.0,0.0,1,1
117,117,7.81924295425415,0.0,0.01,-0.01,0.05,0.02,0.06,-0.0,-0.0,-0.0,1.45,0.27,-0.8,-3.58,7.52,-0.03,1.9,-0.1,-24.46,-29.86,13.0,-20.35,9869.0,-18.0,-23000.0,-813.0,0.0,0.0,0.0,0.0,0.0,0.0,1,1
118,118,7.880982160568237,0.0,-0.01,-0.02,-0.1,-0.01,-0.05,0.0,-0.02,-0.0,0.81,-0.72,-7.01,-3.93,4.25,0.05,0.58,-0.13,-24.41,-29.9,12.57,-20.59,10124.0,-15.0,-22965.0,-821.0,0.0,0.0,0.0,0.0,0.0,0.0,1,1
119,119,7.941932916641235,0.0,-0.01,0.02,0.08,0.07,-0.05,-0.0,-0.09,0.0,0.51,0.76,-2.18,0.38,1.38,0.03,-5.07,0.15,-24.38,-29.86,12.44,-20.56,10208.0,-13.0,-23274.0,-812.0,0.0,0.0,0.0,0.0,0.0,0.0,1,1
120,120,8.003625631332397,0.0,-0.0,0.02,-0.01,-0.0,0.03,0.0,0.19,-0.01,0.4,2.1,-2.64,0.15,3.3,0.03,6.32,-0.17,-24.36,-29.73,12.28,-20.56,10406.0,-11.0,-22895.0,-822.0,0.0,0.0,0.0,0.0,0.0,0.0,1,1
121,121,8.065458059310913,0.0,0.02,-0.05,-0.04,-0.07,-0.0,-0.0,0.17,-0.01,1.61,-0.8,-5.15,-3.86,3.2,-0.03,16.8,-0.73,-24.26,-29.78,11.97,-20.79,10598.0,-13.0,-21887.0,-866.0,0.0,0.0,0.0,0.0,0.0,0.0,1,1
122,122,8.126436710357666,0.0,-0.01,-0.01,0.01,0.03,-0.05,0.0,-0.11,0.01,0.72,-1.36,-4.5,-2.22,0.29,0.05,9.69,-0.35,-24.22,-29.86,11.7,-20.92,10616.0,-10.0,-21286.0,-888.0,0.0,0.0,0.0,0.0,0.0,0.0,1,1
123,123,8.177302122116089,0.0,-0.01,0.03,0.08,-0.09,-0.0,0.0,-0.09,0.0,0.37,0.72,0.46,-7.57,0.22,0.1,4.32,-0.33,-24.2,-29.82,11.72,-21.38,10629.0,-4.0,-21027.0,-908.0,0.0,0.0,0.0,0.0,0.0,0.0,1,1
124,124,8.239035844802856,0.0,0.0,0.01,0.14,-0.0,0.01,-0.0,0.07,0.01,0.5,1.57,8.66,-7.8,0.62,0.02,8.68,0.03,-24.17,-29.73,12.24,-21.85,10666.0,-3.0,-20506.0,-906.0,0.0,0.0,0.0,0.0,0.0,0.0,1,1
125,125,8.300828695297241,0.0,0.02,-0.02,-0.1,0.11,0.01,-0.0,-0.07,-0.0,1.69,0.33,2.5,-1.34,1.22,-0.07,4.73,0.02,-24.07,-29.71,12.39,-21.93,10738.0,-7.0,-20227.0,-905.0,0.0,0.0,0.0,0.0,0.0,0.0,1,1
126,126,8.36169719696045,0.0,-0.01,0.0,0.0,0.1,0.01,-0.0,-0.08,-0.0,1.15,0.34,2.76,4.27,1.86,-0.08,0.1,-0.03,-24.0,-29.69,12.55,-21.67,10848.0,-12.0,-20221.0,-907.0,0.0,0.0,0.0,0.0,0.0,0.0,1,1
127,127,8.423539400100708,0.0,0.0,-0.02,0.06,0.06,0.01,0.0,0.0,-0.0,1.36,-0.58,6.27,7.63,2.3,0.03,0.25,-0.12,-23.92,-29.72,12.93,-21.22,10986.0,-10.0,-20206.0,-914.0,0.0,0.0,0.0,0.0,0.0,0.0,1,1
128,128,8.474451541900635,0.0,-0.01,0.01,-0.09,-0.08,-0.01,0.0,0.01,-0.0,1.02,-0.21,0.74,2.92,1.9,0.07,0.61,-0.24,-23.86,-29.73,12.97,-21.04,11098.0,-6.0,-20170.0,-928.0,0.0,0.0,0.0,0.0,0.0,0.0,1,1
129,129,8.536200046539307,0.0,0.0,0.01,0.06,-0.02,-0.01,-0.0,0.01,0.0,1.16,0.59,4.64,1.96,1.48,0.03,1.46,-0.03,-23.79,-29.7,13.26,-20.92,11188.0,-4.0,-20081.0,-930.0,0.0,0.0,0.0,0.0,0.0,0.0,1,1
130,130,8.597068309783936,0.0,-0.01,0.02,-0.11,-0.05,0.07,-0.0,0.03,-0.0,0.57,1.62,-1.94,-0.91,5.38,0.02,3.26,-0.21,-23.75,-29.6,13.14,-20.98,11500.0,-3.0,-19892.0,-942.0,0.0,0.0,0.0,0.0,0.0,0.0,1,1
131,131,8.658024072647095,0.0,0.0,-0.01,-0.02,-0.06,0.01,0.0,0.05,0.0,0.83,1.04,-2.87,-4.59,5.77,0.12,6.35,-0.13,-23.7,-29.54,12.97,-21.25,11846.0,4.0,-19511.0,-950.0,0.0,0.0,0.0,0.0,0.0,0.0,1,1
132,132,8.719767808914185,0.0,-0.0,-0.0,-0.04,-0.03,0.05,-0.0,0.06,-0.0,0.61,0.83,-5.53,-6.55,8.55,0.05,10.02,-0.3,-23.67,-29.49,12.64,-21.64,12359.0,7.0,-18910.0,-968.0,0.0,0.0,0.0,0.0,0.0,0.0,1,1
133,133,8.781562328338623,0.0,-0.01,-0.02,0.0,0.05,0.04,0.0,0.02,-0.0,-0.12,-0.19,-5.31,-3.49,10.97,0.15,11.08,-0.42,-23.67,-29.5,12.32,-21.85,13017.0,16.0,-18245.0,-993.0,0.0,0.0,0.0,0.0,0.0,0.0,1,1
134,134,8.832484483718872,0.0,0.01,-0.01,0.09,0.07,-0.1,0.0,-0.14,0.01,0.21,-0.86,-0.04,0.86,4.84,0.21,2.3,0.02,-23.66,-29.56,12.32,-21.8,13312.0,29.0,-18105.0,-992.0,0.0,0.0,0.0,0.0,0.0,0.0,1,1
135,135,8.894244194030762,0.0,0.01,0.01,0.01,-0.0,-0.07,-0.0,-0.02,-0.0,1.02,-0.14,0.4,0.67,0.86,0.02,1.12,-0.1,-23.6,-29.56,12.34,-21.76,13363.0,30.0,-18039.0,-998.0,0.0,0.0,0.0,0.0,0.0,0.0,1,1
136,136,8.955138206481934,0.0,0.01,-0.0,-0.01,-0.02,-0.01,-0.0,0.06,0.0,1.62,-0.22,-0.45,-0.48,0.08,0.0,4.73,0.12,-23.51,-29.58,12.32,-21.79,13368.0,30.0,-17760.0,-991.0,0.0,0.0,0.0,0.0,0.0,0.0,1,1
137,137,9.016937255859377,0.0,-0.01,0.0,-0.1,-0.0,0.01,-0.0,0.05,-0.01,1.23,-0.15,-6.58,-0.56,0.62,0.0,7.8,-0.23,-23.43,-29.59,11.91,-21.82,13406.0,30.0,-17284.0,-1005.0,0.0,0.0,0.0,0.0,0.0,0.0,1,1
138,138,9.077786207199097,0.0,-0.01,-0.0,0.02,-0.02,0.01,-0.0,-0.12,0.0,0.53,-0.3,-5.47,-1.62,1.1,-0.03,0.41,0.02,-23.4,-29.6,11.58,-21.92,13473.0,28.0,-17259.0,-1004.0,0.0,0.0,0.0,0.0,0.0,0.0,1,1
139,139,9.13964343070984,0.0,-0.0,0.0,0.08,-0.1,0.03,0.0,0.04,0.0,0.47,-0.2,-0.46,-7.42,2.7,0.0,3.11,0.11,-23.37,-29.62,11.55,-22.38,13638.0,28.0,-17069.0,-997.0,0.0,0.0,0.0,0.0,0.0,0.0,1,1
140,140,9.200503826141356,0.0,-0.01,0.01,0.09,0.03,-0.01,0.0,0.2,-0.0,-0.09,0.68,4.68,-5.92,2.03,-0.02,15.17,-0.14,-23.37,-29.58,11.83,-22.73,13758.0,27.0,-16174.0,-1005.0,0.0,0.0,0.0,0.0,0.0,0.0,1,1
141,141,9.252288818359377,0.0,0.0,0.02,0.06,0.11,-0.03,0.0,-0.01,0.0,0.0,1.77,8.17,0.7,0.12,0.0,14.38,-0.13,-23.37,-29.47,12.32,-22.68,13765.0,27.0,-15311.0,-1013.0,0.0,0.0,0.0,0.0,0.0,0.0,1,1
142,142,9.313129901885986,0.0,0.0,0.01,-0.12,-0.08,-0.0,0.0,-0.01,-0.01,0.2,2.54,0.77,-4.2,0.05,0.03,14.0,-0.53,-23.36,-29.32,12.37,-22.94,13768.0,29.0,-14471.0,-1045.0,0.0,0.0,0.0,0.0,0.0,0.0,1,1
143,143,9.374996662139893,0.0,-0.0,-0.01,-0.06,0.07,-0.01,-0.0,-0.09,0.01,0.04,1.7,-3.06,-0.0,-0.35,-0.12,8.83,0.12,-23.36,-29.22,12.18,-22.94,13747.0,22.0,-13941.0,-1038.0,0.0,0.0,0.0,0.0,0.0,0.0,1,1
144,144,9.436835050582886,0.0,-0.0,-0.01,-0.0,0.05,-0.0,0.0,-0.18,-0.01,-0.07,0.98,-3.11,2.88,-0.61,-0.07,-1.93,-0.26,-23.36,-29.16,11.99,-22.76,13710.0,18.0,-14059.0,-1054.0,0.0,0.0,0.0,0.0,0.0,0.0,1,1
145,145,9.49763250350952,0.0,0.01,-0.01,0.07,0.01,0.01,0.0,-0.13,-0.0,0.6,0.13,0.95,3.34,-0.05,-0.02,-9.84,-0.34,-23.33,-29.15,12.05,-22.55,13707.0,17.0,-14669.0,-1075.0,0.0,0.0,0.0,0.0,0.0,0.0,1,1
146,146,9.558500528335571,0.0,-0.01,0.01,0.09,0.03,0.0,0.0,0.07,-0.01,0.09,0.91,6.47,5.3,0.0,0.0,-5.76,-0.68,-23.32,-29.09,12.43,-22.24,13707.0,17.0,-15009.0,-1115.0,0.0,0.0,0.0,0.0,0.0,0.0,0,1
147,147,9.620450496673584,0.0,0.0,0.01,-0.03,-0.05,0.0,0.0,0.02,0.0,0.12,1.43,4.72,2.14,0.0,0.0,-4.6,-0.47,-23.31,-29.01,12.72,-22.11,13707.0,17.0,-15285.0,-1143.0,0.0,0.0,0.0,0.0,0.0,0.0,0,1
148,148,9.68118166923523,0.0,0.01,-0.02,-0.03,0.01,0.0,0.0,0.07,0.0,0.93,-0.01,3.22,2.78,-0.93,-0.02,-0.47,-0.2,-23.26,-29.01,12.91,-21.95,13652.0,16.0,-15313.0,-1155.0,0.0,0.0,0.0,0.0,0.0,0.0,1,1
149,149,9.743067502975464,0.0,0.0,-0.01,-0.03,-0.0,-0.01,0.0,0.01,-0.0,1.02,-0.37,1.44,2.51,-1.84,0.07,-0.03,-0.28,-23.2,-29.03,12.99,-21.8,13540.0,20.0,-15315.0,-1172.0,0.0,0.0,0.0,0.0,0.0,0.0,1,1
150,150,9.803847074508669,0.0,0.01,-0.02,-0.02,-0.04,0.02,0.0,-0.07,0.0,1.49,-1.47,0.42,0.12,-0.85,0.12,-4.45,-0.08,-23.11,-29.12,13.02,-21.79,13489.0,27.0,-15582.0,-1177.0,0.0,0.0,0.0,0.0,0.0,0.0,1,1
151,151,9.855826139450071,0.0,-0.01,0.02,0.03,0.02,0.01,-0.0,0.03,-0.0,0.73,-0.06,2.39,1.05,-0.02,0.0,-2.44,-0.18,-23.06,-29.12,13.16,-21.72,13488.0,27.0,-15731.0,-1188.0,0.0,0.0,0.0,0.0,0.0,0.0,1,1
152,152,9.916513204574583,0.0,-0.0,0.01,0.01,0.03,-0.0,-0.0,-0.02,-0.0,0.7,0.69,3.24,3.05,-0.02,0.0,-3.88,-0.18,-23.02,-29.08,13.36,-21.54,13487.0,27.0,-15964.0,-1199.0,0.0,0.0,0.0,0.0,0.0,0.0,1,1
153,153,9.97848105430603,0.0,-0.0,0.01,-0.04,0.05,0.0,-0.0,-0.01,-0.0,0.49,1.17,0.85,5.87,0.0,0.0,-4.67,-0.33,-22.99,-29.01,13.41,-21.19,13487.0,27.0,-16244.0,-1219.0,0.0,0.0,0.0,0.0,0.0,0.0,0,1
154,154,10.039220333099363,0.0,0.0,-0.02,-0.08,-0.07,0.0,-0.0,-0.07,-0.0,0.79,-0.25,-4.11,1.71,0.08,-0.15,-8.98,-0.61,-22.94,-29.03,13.16,-21.08,13492.0,18.0,-16792.0,-1256.0,0.0,0.0,0.0,0.0,0.0,0.0,1,1
155,155,10.1011700630188,0.0,-0.01,0.01,-0.16,-0.13,-0.06,0.0,-0.21,0.01,0.22,0.42,-13.89,-6.07,-3.46,-0.03,-21.61,0.1,-22.93,-29.0,12.31,-21.45,13281.0,16.0,-18110.0,-1250.0,0.0,0.0,0.0,0.0,0.0,0.0,1,1
156,156,10.162891387939451,0.0,-0.0,-0.0,-0.12,-0.02,-0.04,0.0,-0.06,0.0,0.15,0.17,-21.48,-7.02,-5.63,0.16,-25.24,0.34,-22.92,-28.99,10.98,-21.89,12932.0,26.0,-19675.0,-1229.0,0.0,0.0,0.0,0.0,0.0,0.0,1,1
157,157,10.223810911178589,0.0,-0.01,0.02,0.03,0.04,0.07,-0.0,-0.15,-0.01,-0.59,1.43,-19.62,-4.55,-1.51,0.02,-34.38,-0.16,-22.96,-28.9,9.78,-22.17,12840.0,27.0,-21772.0,-1239.0,0.0,0.0,0.0,0.0,0.0,0.0,1,1
158,158,10.285566329956056,0.0,0.02,-0.03,0.31,0.01,0.02,-0.0,0.07,0.01,0.86,-0.16,-0.57,-3.67,-0.13,0.0,-30.16,0.26,-22.9,-28.91,9.75,-22.39,12832.0,27.0,-23642.0,-1223.0,0.0,0.0,0.0,0.0,0.0,0.0,1,1
159,159,10.346511363983154,0.0,0.0,-0.01,0.07,0.05,-0.04,-0.0,0.47,-0.02,1.14,-0.51,3.42,-0.86,-2.42,0.0,-2.03,-0.65,-22.84,-28.94,9.95,-22.45,12687.0,27.0,-23764.0,-1262.0,0.0,0.0,0.0,0.0,0.0,0.0,1,1
160,160,10.408244371414185,0.0,-0.01,0.01,-0.01,-0.02,-0.05,-0.0,0.04,0.01,0.82,0.11,3.11,-1.84,-5.32,-0.02,0.65,0.07,-22.79,-28.94,10.14,-22.56,12368.0,26.0,-23725.0,-1258.0,0.0,0.0,0.0,0.0,0.0,0.0,1,1
161,161,10.46910548210144,0.0,0.01,-0.01,-0.09,0.0,-0.0,-0.0,-0.01,-0.01,1.37,-0.62,-2.27,-1.54,-5.43,-0.05,0.07,-0.64,-22.7,-28.98,10.0,-22.65,12037.0,23.0,-23721.0,-1297.0,0.0,0.0,0.0,0.0,0.0,0.0,1,1
162,162,10.530876636505129,0.0,-0.02,0.02,-0.15,0.05,0.05,0.0,-0.07,0.0,0.02,0.39,-11.8,1.6,-2.32,0.0,-4.44,-0.45,-22.7,-28.95,9.27,-22.55,11893.0,23.0,-23996.0,-1325.0,0.0,0.0,0.0,0.0,0.0,0.0,1,1
163,163,10.591792345046995,0.0,-0.01,0.01,0.11,-0.03,0.03,0.0,0.08,0.0,-0.3,1.14,-5.45,-0.42,-0.75,0.02,0.18,-0.17,-22.72,-28.88,8.94,-22.58,11848.0,24.0,-23985.0,-1335.0,0.0,0.0,0.0,0.0,0.0,0.0,1,1
164,164,10.653586864471436,0.0,0.02,-0.02,0.16,0.0,-0.06,0.0,0.22,-0.0,1.13,0.16,4.16,-0.33,-4.63,0.05,13.62,-0.2,-22.65,-28.87,9.19,-22.6,11570.0,27.0,-23168.0,-1347.0,0.0,0.0,0.0,0.0,0.0,0.0,1,1
165,165,10.71443772315979,0.0,-0.01,-0.01,0.16,-0.06,0.11,-0.0,0.13,-0.01,0.6,-0.21,13.83,-4.0,1.8,-0.17,21.47,-0.66,-22.62,-28.89,10.01,-22.83,11676.0,17.0,-21901.0,-1386.0,0.0,0.0,0.0,0.0,0.0,0.0,1,1
166,166,10.766244649887083,0.0,-0.04,0.02,-0.21,-0.04,0.08,0.0,0.06,-0.01,-1.62,0.94,0.85,-6.37,7.06,-0.02,25.03,-1.26,-22.72,-28.83,10.06,-23.23,12114.0,16.0,-20349.0,-1464.0,0.0,0.0,0.0,0.0,0.0,0.0,1,1
167,167,10.82708215713501,0.0,-0.01,-0.03,-0.03,0.04,-0.08,0.01,0.09,0.02,-1.93,-1.01,-0.9,-3.82,2.43,0.31,30.64,0.05,-22.84,-28.89,10.01,-23.46,12262.0,35.0,-18480.0,-1461.0,0.0,0.0,0.0,0.0,0.0,0.0,1,1
168,168,10.888920307159424,0.0,0.02,0.02,0.06,0.15,0.02,-0.01,-0.04,-0.01,-0.56,0.28,2.79,5.04,3.66,0.0,28.49,-0.49,-22.87,-28.87,10.18,-23.15,12485.0,35.0,-16742.0,-1491.0,0.0,0.0,0.0,0.0,0.0,0.0,1,1
169,169,10.95078730583191,0.0,0.0,0.01,-0.08,0.03,0.05,-0.01,-0.2,0.0,-0.35,1.13,-1.64,6.7,6.51,0.0,16.71,-0.44,-22.89,-28.81,10.08,-22.76,12869.0,35.0,-15756.0,-1517.0,0.0,0.0,0.0,0.0,0.0,0.0,1,1
170,170,11.011730909347534,0.0,-0.01,-0.01,0.03,-0.04,-0.04,-0.01,-0.25,0.0,-1.1,0.28,0.05,4.42,3.93,0.03,1.61,-0.33,-22.96,-28.79,10.08,-22.49,13109.0,37.0,-15658.0,-1537.0,0.0,0.0,0.0,0.0,0.0,0.0,1,1
171,171,11.073424577713013,0.0,0.0,0.0,0.06,-0.06,-0.01,-0.0,0.08,0.01,-0.95,0.4,3.62,0.7,3.42,0.0,6.57,0.13,-23.01,-28.77,10.3,-22.45,13314.0,37.0,-15264.0,-1529.0,0.0,0.0,0.0,0.0,0.0,0.0,1,1
172,172,11.134430408477783,0.0,-0.0,0.03,-0.17,0.0,-0.04,-0.0,-0.01,-0.01,-1.2,2.19,-6.63,0.95,1.07,0.0,5.76,-0.37,-23.08,-28.64,9.91,-22.39,13377.0,37.0,-14924.0,-1551.0,0.0,0.0,0.0,0.0,0.0,0.0,1,1
173,173,11.19613790512085,0.0,-0.02,0.04,0.14,0.01,-0.02,-0.0,-0.08,0.0,-2.47,4.5,2.12,1.73,0.0,0.03,0.62,-0.2,-23.24,-28.36,10.04,-22.29,13377.0,39.0,-14886.0,-1563.0,0.0,0.0,0.0,0.0,0.0,0.0,1,1
174,174,11.247104406356812,0.0,0.03,-0.03,-0.01,-0.04,-0.02,-0.0,-0.02,0.0,-0.74,2.57,1.41,-0.65,0.07,0.0,-0.53,0.0,-23.28,-28.21,10.12,-22.32,13381.0,39.0,-14918.0,-1563.0,0.0,0.0,0.0,0.0,0.0,0.0,1,1
175,175,11.3087956905365,0.0,0.03,-0.06,-0.03,-0.03,-0.0,-0.0,-0.01,0.0,0.81,-1.18,-0.43,-2.43,0.02,0.02,-1.08,-0.39,-23.23,-28.28,10.1,-22.47,13382.0,40.0,-14984.0,-1587.0,0.0,0.0,0.0,0.0,0.0,0.0,1,1
176,176,11.369664430618286,0.0,-0.02,0.02,0.01,0.0,0.0,-0.0,-0.0,-0.0,-0.11,-0.11,0.3,-2.25,0.15,0.0,-1.26,-0.49,-23.24,-28.29,10.12,-22.61,13391.0,40.0,-15061.0,-1617.0,0.0,0.0,0.0,0.0,0.0,0.0,1,1
177,177,11.431469202041626,0.0,-0.01,0.01,-0.03,0.01,0.02,-0.0,-0.01,0.0,-0.56,0.65,-1.55,-1.37,1.22,0.0,-1.67,-0.27,-23.27,-28.25,10.02,-22.69,13464.0,40.0,-15161.0,-1633.0,0.0,0.0,0.0,0.0,0.0,0.0,1,1
178,178,11.49244785308838,0.0,0.0,0.0,0.03,0.04,-0.0,-0.0,-0.07,-0.0,-0.3,0.69,0.16,0.83,0.97,-0.03,-6.15,-0.37,-23.29,-28.2,10.03,-22.64,13524.0,38.0,-15542.0,-1656.0,0.0,0.0,0.0,0.0,0.0,0.0,1,1
179,179,11.554179430007936,0.0,0.02,-0.02,0.47,0.39,-0.01,0.0,-0.05,0.01,1.11,-0.24,28.32,24.2,0.25,0.0,-9.33,0.07,-23.22,-28.22,11.73,-21.19,13539.0,38.0,-16102.0,-1652.0,0.0,0.0,0.0,0.0,0.0,0.0,1,1
180,180,11.615123987197876,0.0,-0.03,0.02,-0.46,-0.56,-0.0,0.0,0.07,-0.0,-0.83,0.99,0.01,-10.15,0.0,0.0,-4.93,0.03,-23.27,-28.16,11.73,-21.81,13539.0,38.0,-16403.0,-1650.0,0.0,0.0,0.0,0.0,0.0,0.0,0,1
181,181,11.676862478256226,0.0,0.03,-0.03,-0.03,0.17,-0.0,0.0,0.02,0.0,0.68,-0.83,-1.67,-0.08,0.0,0.0,-3.97,0.17,-23.23,-28.21,11.63,-21.81,13539.0,38.0,-16641.0,-1640.0,0.0,0.0,0.0,0.0,0.0,0.0,0,1
182,182,11.737791538238524,0.0,-0.0,-0.01,-0.04,0.04,-0.0,0.0,-0.16,0.01,0.67,-1.38,-3.99,2.13,0.0,0.0,-13.62,0.51,-23.19,-28.29,11.39,-21.68,13539.0,38.0,-17472.0,-1609.0,0.0,0.0,0.0,0.0,0.0,0.0,0,1
183,183,11.79951286315918,0.0,-0.01,0.02,0.12,-0.03,-0.0,0.0,0.04,-0.01,0.23,-0.45,3.23,0.32,0.0,0.0,-11.35,0.15,-23.18,-28.32,11.58,-21.66,13539.0,38.0,-18153.0,-1600.0,0.0,0.0,0.0,0.0,0.0,0.0,0,1
184,184,11.860461950302124,0.0,0.01,-0.02,-0.01,0.06,-0.0,0.0,0.15,0.01,0.92,-1.63,2.83,3.77,0.0,0.0,-2.38,0.47,-23.12,-28.42,11.75,-21.44,13539.0,38.0,-18296.0,-1572.0,0.0,0.0,0.0,0.0,0.0,0.0,0,1
185,185,11.92220687866211,0.0,-0.0,-0.01,-0.08,-0.01,-0.0,0.0,-0.08,-0.01,0.92,-2.03,-1.7,3.21,0.0,0.0,-7.25,-0.08,-23.07,-28.54,11.65,-21.24,13539.0,38.0,-18731.0,-1577.0,0.0,0.0,0.0,0.0,0.0,0.0,0,1
186,186,11.983991622924805,0.0,-0.01,0.03,-0.07,-0.02,-0.0,0.0,-0.19,0.01,0.31,-0.47,-5.98,2.22,0.02,0.0,-18.89,0.64,-23.05,-28.57,11.29,-21.11,13540.0,38.0,-19883.0,-1538.0,0.0,0.0,0.0,0.0,0.0,0.0,1,1
187,187,12.034857749938965,0.0,-0.01,0.03,-0.01,0.02,-0.0,0.0,-0.11,0.0,-0.1,1.27,-6.56,3.14,0.0,0.0,-25.61,0.66,-23.05,-28.49,10.89,-20.92,13540.0,38.0,-21445.0,-1498.0,0.0,0.0,0.0,0.0,0.0,0.0,0,1
188,188,12.09583616256714,0.0,0.01,-0.0,0.07,0.02,-0.0,0.0,0.2,0.0,0.4,1.18,-2.22,4.55,0.0,0.0,-13.52,0.95,-23.03,-28.42,10.75,-20.64,13540.0,38.0,-22256.0,-1441.0,0.0,0.0,0.0,0.0,0.0,0.0,0,1
189,189,12.15757703781128,0.0,-0.01,0.01,0.12,0.0,-0.0,0.0,0.35,-0.01,-0.18,1.81,4.62,4.77,0.0,0.0,6.85,0.59,-23.04,-28.31,11.03,-20.36,13540.0,38.0,-21852.0,-1406.0,0.0,0.0,0.0,0.0,0.0,0.0,0,1
190,190,12.219363927841188,0.0,-0.01,0.0,0.0,0.23,-0.0,0.0,0.27,-0.01,-0.86,2.06,4.71,18.57,0.0,0.0,23.1,0.08,-23.09,-28.19,11.31,-19.25,13540.0,38.0,-20466.0,-1401.0,0.0,0.0,0.0,0.0,0.0,0.0,0,1
191,191,12.28023386001587,0.0,0.01,-0.03,-0.14,-0.22,-0.0,0.0,-0.04,0.0,-0.41,0.45,-3.89,5.11,-0.68,0.0,20.75,0.15,-23.12,-28.16,11.08,-18.94,13499.0,38.0,-19221.0,-1392.0,0.0,0.0,0.0,0.0,0.0,0.0,1,1
192,192,12.342040538787842,0.0,0.01,-0.01,-0.07,0.02,-0.05,0.0,-0.13,-0.01,0.39,-0.26,-8.25,6.14,-3.92,0.02,12.84,-0.26,-23.09,-28.18,10.57,-18.57,13260.0,39.0,-18438.0,-1408.0,0.0,0.0,0.0,0.0,0.0,0.0,1,1
193,193,12.40287733078003,0.0,0.01,-0.01,0.15,-0.04,0.0,-0.0,0.06,0.01,0.92,-0.77,0.75,3.62,-3.9,-0.03,16.39,0.28,-23.04,-28.22,10.62,-18.35,13022.0,37.0,-17438.0,-1391.0,0.0,0.0,0.0,0.0,0.0,0.0,1,1
194,194,12.464739561080933,0.0,-0.01,-0.01,0.01,-0.08,0.05,0.0,-0.17,-0.01,0.06,-1.37,1.44,-1.4,-1.0,-0.02,6.07,-0.05,-23.03,-28.31,10.71,-18.43,12961.0,36.0,-17068.0,-1394.0,0.0,0.0,0.0,0.0,0.0,0.0,1,1
195,195,12.525689125061035,0.0,-0.0,0.02,0.04,-0.09,0.02,-0.0,-0.02,-0.0,-0.17,-0.04,4.07,-6.99,0.0,-0.07,5.02,-0.32,-23.04,-28.31,10.95,-18.85,12961.0,32.0,-16767.0,-1413.0,0.0,0.0,0.0,0.0,0.0,0.0,1,1
196,196,12.577410459518433,0.0,0.02,-0.02,-0.01,0.05,0.02,0.0,-0.03,0.0,1.26,-1.12,3.38,-3.93,0.0,-0.02,3.46,-0.11,-22.97,-28.38,11.16,-19.09,12961.0,31.0,-16556.0,-1420.0,0.0,0.0,0.0,0.0,0.0,0.0,1,1
197,197,12.639274597167969,0.0,-0.03,0.05,-0.05,0.01,0.02,0.0,-0.02,-0.0,-0.41,1.67,0.12,-3.35,0.0,0.0,2.28,-0.25,-22.99,-28.28,11.16,-19.3,12961.0,31.0,-16417.0,-1435.0,0.0,0.0,0.0,0.0,0.0,0.0,0,1
198,198,12.700119256973268,0.0,0.0,-0.01,-0.04,0.03,0.02,0.0,-0.07,0.0,-0.22,1.33,-2.2,-1.56,0.0,0.0,-1.83,-0.12,-23.0,-28.2,11.03,-19.39,12961.0,31.0,-16525.0,-1442.0,0.0,0.0,0.0,0.0,0.0,0.0,0,1
199,199,12.760945320129396,0.0,0.01,-0.04,-0.25,-0.13,0.02,0.0,-0.11,0.0,0.4,-0.98,-17.75,-9.59,-0.28,0.0,-8.79,0.0,-22.98,-28.26,9.95,-19.97,12944.0,31.0,-17061.0,-1442.0,0.0,0.0,0.0,0.0,0.0,0.0,1,1
200,200,12.822752475738524,0.0,-0.01,0.04,0.21,0.01,-0.09,0.0,-0.07,0.0,-0.11,1.2,-5.07,-9.26,-5.51,0.02,-13.34,0.16,-22.99,-28.18,9.64,-20.54,12608.0,32.0,-17875.0,-1432.0,0.0,0.0,0.0,0.0,0.0,0.0,1,1
201,201,12.884588241577148,0.0,0.01,-0.02,-0.05,0.01,-0.02,0.0,0.02,0.0,0.59,-0.16,-8.03,-8.47,-6.68,0.05,-12.15,0.43,-22.95,-28.19,9.16,-21.05,12207.0,35.0,-18604.0,-1406.0,0.0,0.0,0.0,0.0,0.0,0.0,1,1
202,202,12.94548773765564,0.0,-0.01,0.01,0.16,0.02,0.04,-0.0,0.11,-0.0,-0.01,0.31,1.81,-7.01,-4.48,0.02,-5.51,0.34,-22.95,-28.18,9.27,-21.47,11934.0,36.0,-18940.0,-1385.0,0.0,0.0,0.0,0.0,0.0,0.0,1,1
203,203,13.00641131401062,0.0,0.01,-0.02,0.03,0.03,0.05,0.0,0.09,-0.01,0.83,-0.95,3.47,-5.07,-1.63,0.02,-0.08,-0.1,-22.9,-28.23,9.47,-21.77,11838.0,37.0,-18945.0,-1391.0,0.0,0.0,0.0,0.0,0.0,0.0,1,1
204,204,13.058213233947754,0.0,-0.01,0.01,0.01,0.02,0.03,0.0,0.07,-0.0,0.14,-0.33,4.02,-3.69,-0.07,0.03,4.31,-0.11,-22.89,-28.25,9.72,-22.0,11834.0,39.0,-18682.0,-1398.0,0.0,0.0,0.0,0.0,0.0,0.0,1,1
205,205,13.120001554489136,0.0,0.01,-0.01,-0.19,0.04,0.0,-0.0,0.05,-0.01,0.87,-1.02,-6.93,-1.55,0.0,0.0,7.02,-0.42,-22.84,-28.31,9.31,-22.09,11834.0,39.0,-18268.0,-1423.0,0.0,0.0,0.0,0.0,0.0,0.0,0,1
206,206,13.18088960647583,0.0,-0.01,0.02,0.0,-0.07,0.0,-0.0,-0.04,0.01,0.34,0.02,-6.82,-5.5,0.0,0.02,4.67,0.02,-22.82,-28.31,8.9,-22.42,11834.0,40.0,-17988.0,-1422.0,0.0,0.0,0.0,0.0,0.0,0.0,1,1
207,207,13.241662979125977,0.0,0.01,-0.01,0.06,-0.05,0.0,-0.0,0.14,0.0,0.89,-0.78,-3.17,-8.59,0.0,0.0,13.33,0.25,-22.77,-28.36,8.71,-22.93,11834.0,40.0,-17188.0,-1407.0,0.0,0.0,0.0,0.0,0.0,0.0,0,1
208,208,13.303529739379885,0.0,-0.0,0.01,0.09,0.13,0.0,-0.0,0.04,-0.01,0.84,-0.35,1.92,-0.72,0.0,0.0,15.71,-0.27,-22.72,-28.38,8.83,-22.98,11834.0,40.0,-16261.0,-1423.0,0.0,0.0,0.0,0.0,0.0,0.0,0,1
209,209,13.364347219467165,0.0,-0.01,0.0,0.04,0.02,0.0,-0.0,-0.23,0.0,0.49,-0.1,4.22,0.34,0.0,0.0,1.64,-0.21,-22.69,-28.38,9.08,-22.96,11834.0,40.0,-16161.0,-1436.0,0.0,0.0,0.0,0.0,0.0,0.0,0,1
210,210,13.416290283203123,0.0,0.0,-0.01,-0.05,0.03,0.0,-0.0,-0.03,0.0,0.74,-0.53,1.12,2.03,0.0,0.0,-0.07,-0.15,-22.65,-28.42,9.15,-22.84,11834.0,40.0,-16165.0,-1445.0,0.0,0.0,0.0,0.0,0.0,0.0,0,1
211,211,13.477038383483888,0.0,-0.01,0.02,-0.0,0.01,0.0,-0.0,0.0,0.0,-0.05,0.48,1.1,2.49,0.0,0.0,-0.02,-0.03,-22.65,-28.39,9.21,-22.69,11834.0,40.0,-16166.0,-1447.0,0.0,0.0,0.0,0.0,0.0,0.0,0,1
212,212,13.53898286819458,0.0,0.01,-0.02,-0.05,-0.02,0.0,-0.0,0.0,0.0,0.38,-0.43,-2.18,1.31,0.0,0.0,0.0,-0.03,-22.63,-28.41,9.08,-22.61,11834.0,40.0,-16166.0,-1449.0,0.0,0.0,0.0,0.0,0.0,0.0,0,1
213,213,13.600677251815796,0.0,0.01,-0.01,0.14,0.06,0.0,-0.0,0.0,0.0,1.11,-1.07,6.49,4.88,0.0,0.0,0.02,0.15,-22.56,-28.48,9.47,-22.32,11834.0,40.0,-16165.0,-1440.0,0.0,0.0,0.0,0.0,0.0,0.0,0,1
214,214,13.661591291427612,0.0,-0.01,-0.0,0.03,-0.08,0.0,-0.0,0.1,0.0,0.41,-1.25,8.14,-0.09,0.0,0.0,5.98,0.22,-22.54,-28.55,9.95,-22.32,11834.0,40.0,-15812.0,-1427.0,0.0,0.0,0.0,0.0,0.0,0.0,0,1
215,215,13.713407516479492,0.0,0.01,-0.14,-0.08,0.0,0.0,-0.0,0.06,-0.0,0.73,-9.67,3.36,0.01,0.0,0.0,9.61,0.0,-22.49,-29.12,10.15,-22.32,11834.0,40.0,-15245.0,-1427.0,0.0,0.0,0.0,0.0,0.0,0.0,0,1
216,216,13.774243354797363,0.0,0.01,0.13,-0.02,-0.04,0.0,-0.0,-0.14,-0.0,1.08,-1.96,1.92,-2.17,0.0,0.0,1.56,-0.02,-22.43,-29.24,10.26,-22.45,11834.0,40.0,-15153.0,-1428.0,0.0,0.0,0.0,0.0,0.0,0.0,0,1
217,217,13.836102962493896,0.0,-0.01,0.02,0.02,0.1,0.0,-0.0,-0.03,0.0,0.51,-0.89,3.39,4.12,1.28,-0.05,0.02,-0.02,-22.4,-29.29,10.47,-22.2,11912.0,37.0,-15152.0,-1429.0,0.0,0.0,0.0,0.0,0.0,0.0,1,1
218,218,13.897029399871826,0.0,0.01,-0.0,-0.05,0.01,0.0,0.0,-0.0,0.0,0.9,-1.0,0.23,4.42,1.29,-0.03,0.0,0.05,-22.34,-29.35,10.48,-21.94,11988.0,35.0,-15152.0,-1426.0,0.0,0.0,0.0,0.0,0.0,0.0,1,1
219,219,13.95775055885315,0.0,-0.01,0.01,-0.04,-0.01,-0.01,0.0,-0.0,-0.0,0.45,-0.49,-2.36,3.93,0.95,0.0,-0.82,0.0,-22.32,-29.38,10.34,-21.7,12046.0,35.0,-15202.0,-1426.0,0.0,0.0,0.0,0.0,0.0,0.0,1,1
220,220,14.019560813903809,0.0,-0.01,0.02,0.05,-0.07,-0.01,0.0,0.07,-0.0,-0.07,0.72,0.85,-0.41,0.13,0.0,3.6,0.02,-22.32,-29.34,10.39,-21.72,12054.0,35.0,-14986.0,-1425.0,0.0,0.0,0.0,0.0,0.0,0.0,1,1
221,221,14.081393957138062,0.0,0.01,-0.01,0.1,-0.02,0.0,0.0,0.24,-0.0,0.59,0.09,6.95,-1.76,0.31,0.02,17.66,-0.1,-22.29,-29.33,10.8,-21.83,12072.0,36.0,-13944.0,-1431.0,0.0,0.0,0.0,0.0,0.0,0.0,1,1
222,222,14.142359495162964,0.0,-0.0,-0.0,-0.07,0.0,-0.01,-0.0,-0.07,0.01,0.48,0.08,2.46,-1.64,0.0,0.0,13.16,0.36,-22.26,-29.33,10.95,-21.93,12072.0,36.0,-13141.0,-1409.0,0.0,0.0,0.0,0.0,0.0,0.0,0,1
223,223,14.20409655570984,0.0,-0.0,-0.02,-0.03,0.0,-0.01,-0.0,-0.13,-0.01,0.23,-0.89,0.45,-1.47,0.0,0.0,5.1,-0.02,-22.24,-29.38,10.98,-22.01,12072.0,36.0,-12835.0,-1410.0,0.0,0.0,0.0,0.0,0.0,0.0,0,1
224,224,14.264901161193848,0.0,-0.0,-0.01,0.04,-0.04,-0.01,-0.0,-0.04,-0.0,0.15,-1.78,2.86,-3.84,0.0,0.0,2.81,-0.05,-22.23,-29.49,11.16,-22.25,12072.0,36.0,-12661.0,-1413.0,0.0,0.0,0.0,0.0,0.0,0.0,0,1
225,225,14.326781034469604,0.0,0.03,-0.04,-0.07,0.04,-0.01,-0.0,-0.02,-0.01,1.92,-4.37,-1.15,-1.54,0.0,-0.08,1.42,-0.4,-22.12,-29.75,11.09,-22.35,12072.0,31.0,-12576.0,-1437.0,0.0,0.0,0.0,0.0,0.0,0.0,1,1
226,226,14.377600193023682,0.0,-0.0,0.03,-0.12,0.03,-0.01,0.0,-0.07,0.0,1.73,-2.72,-8.37,0.39,0.0,-0.06,-3.08,-0.13,-22.01,-29.92,10.57,-22.32,12072.0,27.0,-12767.0,-1445.0,0.0,0.0,0.0,0.0,0.0,0.0,1,1
227,227,14.439457893371582,0.0,-0.0,0.02,0.03,-0.1,-0.01,0.0,-0.08,0.0,1.61,-1.46,-6.43,-5.48,0.0,0.0,-8.15,0.15,-21.91,-30.01,10.18,-22.66,12072.0,27.0,-13264.0,-1436.0,0.0,0.0,0.0,0.0,0.0,0.0,0,1
228,228,14.50044083595276,0.0,-0.02,-0.0,0.14,0.0,-0.01,0.0,0.12,0.0,0.58,-1.55,1.85,-5.22,-0.03,0.0,-1.08,0.15,-21.88,-30.1,10.29,-22.97,12070.0,27.0,-13329.0,-1427.0,0.0,0.0,0.0,0.0,0.0,0.0,1,1
229,229,14.562161684036257,0.0,0.0,0.03,-0.13,0.15,0.0,0.0,-0.12,-0.01,0.72,-0.03,-6.24,3.56,0.0,0.0,-8.18,-0.25,-21.84,-30.11,9.91,-22.76,12070.0,27.0,-13820.0,-1442.0,0.0,0.0,0.0,0.0,0.0,0.0,0,1
230,230,14.623247146606444,0.0,-0.03,0.04,0.08,-0.02,0.0,0.0,-0.09,0.01,-0.97,2.45,-1.5,2.08,0.0,0.0,-13.35,0.47,-21.89,-29.96,9.82,-22.63,12070.0,27.0,-14621.0,-1414.0,0.0,0.0,0.0,0.0,0.0,0.0,0,1
231,231,14.68492341041565,0.0,-0.01,0.02,-0.02,0.02,0.0,0.0,0.04,-0.01,-1.67,3.87,-2.4,3.36,0.0,0.0,-10.82,-0.32,-21.99,-29.73,9.68,-22.43,12070.0,27.0,-15270.0,-1433.0,0.0,0.0,0.0,0.0,0.0,0.0,0,1
232,232,14.745765447616575,0.0,0.02,-0.02,-0.0,0.02,0.0,0.0,0.04,0.0,-0.28,2.89,-2.58,4.78,-0.03,-0.02,-8.7,-0.23,-22.01,-29.55,9.52,-22.14,12068.0,26.0,-15792.0,-1447.0,0.0,0.0,0.0,0.0,0.0,0.0,1,1
233,233,14.807492017745972,0.0,0.01,-0.05,-0.21,-0.04,0.0,0.0,-0.1,0.0,0.5,0.13,-14.89,2.43,-0.02,-0.02,-14.57,-0.13,-21.98,-29.55,8.63,-22.0,12067.0,25.0,-16666.0,-1455.0,0.0,0.0,0.0,0.0,0.0,0.0,1,1
234,234,14.868347406387327,0.0,-0.01,-0.01,0.12,-0.08,0.0,0.0,-0.14,0.01,0.08,-0.41,-7.25,-2.71,0.0,0.0,-23.16,0.29,-21.98,-29.57,8.18,-22.16,12067.0,25.0,-18102.0,-1437.0,0.0,0.0,0.0,0.0,0.0,0.0,0,1
235,235,14.920193195343018,0.0,-0.0,0.0,0.15,0.02,0.0,0.0,0.1,-0.0,0.07,-0.3,1.93,-1.54,0.0,0.0,-17.08,0.0,-21.97,-29.59,8.3,-22.26,12067.0,25.0,-19127.0,-1437.0,0.0,0.0,0.0,0.0,0.0,0.0,0,1
236,236,14.981135129928589,0.0,0.01,0.01,0.15,0.06,0.0,0.0,0.21,-0.0,0.46,0.46,10.93,1.85,0.0,0.0,-4.48,-0.25,-21.94,-29.56,8.95,-22.14,12067.0,25.0,-19396.0,-1452.0,0.0,0.0,0.0,0.0,0.0,0.0,0,1
237,237,15.042826890945436,0.0,0.0,-0.0,0.15,0.0,0.0,0.0,0.23,0.01,0.61,0.29,19.88,2.13,0.0,0.0,9.0,0.6,-21.91,-29.54,10.11,-22.02,12067.0,25.0,-18874.0,-1417.0,0.0,0.0,0.0,0.0,0.0,0.0,0,1
238,238,15.103773355484009,0.0,-0.0,0.0,-0.29,-0.03,0.0,0.0,0.23,-0.02,0.34,0.33,2.8,0.39,0.0,0.0,22.34,-0.52,-21.89,-29.53,10.27,-22.0,12067.0,25.0,-17578.0,-1447.0,0.0,0.0,0.0,0.0,0.0,0.0,0,1
239,239,15.165636539459229,0.0,-0.0,-0.02,-0.1,-0.02,0.0,0.0,-0.03,-0.0,0.34,-0.73,-3.14,-0.79,0.0,0.02,20.82,-0.57,-21.87,-29.57,10.08,-22.05,12067.0,26.0,-16308.0,-1482.0,0.0,0.0,0.0,0.0,0.0,0.0,1,1
240,240,15.227330684661863,0.0,0.01,-0.0,-0.19,-0.07,0.0,-0.0,-0.2,0.01,1.0,-1.01,-14.65,-4.88,1.23,0.0,8.33,-0.07,-21.81,-29.63,9.18,-22.34,12142.0,26.0,-15800.0,-1486.0,0.0,0.0,0.0,0.0,0.0,0.0,1,1
241,241,15.278266191482544,0.0,-0.03,0.03,0.08,0.01,0.1,-0.0,-0.29,0.0,-0.66,0.64,-9.6,-3.98,7.51,-0.05,-9.2,0.07,-21.85,-29.59,8.6,-22.59,12600.0,23.0,-16361.0,-1482.0,0.0,0.0,0.0,0.0,0.0,0.0,1,1
242,242,15.339174270629885,0.0,-0.01,0.01,0.17,0.12,0.02,0.0,0.12,0.0,-1.09,1.02,0.37,3.46,8.67,0.0,-1.88,0.23,-21.91,-29.53,8.62,-22.38,13120.0,23.0,-16474.0,-1468.0,0.0,0.0,0.0,0.0,0.0,0.0,1,1
243,243,15.400895357131958,0.0,0.03,-0.01,0.06,-0.06,-0.04,0.0,0.34,-0.0,0.42,0.57,3.99,-0.21,6.08,-0.02,18.0,0.05,-21.89,-29.5,8.85,-22.39,13479.0,22.0,-15412.0,-1465.0,0.0,0.0,0.0,0.0,0.0,0.0,1,1
244,244,15.462703227996826,0.0,-0.0,0.0,-0.07,0.0,-0.04,0.0,-0.23,0.0,0.18,0.77,-0.28,0.05,3.67,0.0,4.17,0.07,-21.88,-29.45,8.84,-22.39,13699.0,22.0,-15162.0,-1461.0,0.0,0.0,0.0,0.0,0.0,0.0,1,1
245,245,15.523543119430542,0.0,-0.01,0.02,0.04,-0.01,0.03,0.0,-0.07,-0.0,-0.66,2.19,2.26,-0.29,5.29,0.14,0.05,-0.14,-21.92,-29.32,8.97,-22.41,14006.0,30.0,-15159.0,-1469.0,0.0,0.0,0.0,0.0,0.0,0.0,1,1
246,246,15.58537459373474,0.0,-0.01,-0.01,-0.01,-0.03,0.03,-0.0,-0.0,0.0,-1.33,1.49,1.73,-1.99,6.95,0.07,-0.15,0.15,-22.0,-29.23,9.07,-22.53,14430.0,34.0,-15168.0,-1460.0,0.0,0.0,0.0,0.0,0.0,0.0,1,1
247,247,15.646356105804443,0.0,0.03,-0.04,0.18,-0.3,-0.04,-0.0,-0.07,-0.0,0.52,-0.98,12.51,-19.93,4.83,0.03,-4.38,0.0,-21.97,-29.29,9.82,-23.72,14720.0,36.0,-15431.0,-1460.0,0.0,0.0,0.0,0.0,0.0,0.0,1,1
248,248,15.698073863983154,0.0,-0.0,-0.0,-0.18,0.33,0.01,-0.0,0.04,-0.0,0.51,-1.13,1.16,0.23,5.34,0.0,-1.71,-0.23,-21.93,-29.36,9.9,-23.71,15051.0,36.0,-15537.0,-1474.0,0.0,0.0,0.0,0.0,0.0,0.0,1,1
249,249,15.759938716888428,0.0,-0.01,-0.0,-0.06,-0.01,0.01,-0.0,0.02,0.0,0.13,-1.28,-2.53,-0.26,5.66,0.02,-0.24,-0.03,-21.93,-29.44,9.75,-23.72,15385.0,37.0,-15551.0,-1476.0,0.0,0.0,0.0,0.0,0.0,0.0,1,1
250,250,15.820801734924316,0.0,-0.0,0.0,0.01,-0.01,-0.0,-0.0,0.0,-0.0,-0.18,-1.06,-1.66,-0.97,5.36,0.0,-0.03,-0.21,-21.94,-29.5,9.65,-23.78,15712.0,37.0,-15553.0,-1489.0,0.0,0.0,0.0,0.0,0.0,0.0,1,1
251,251,15.88161277770996,0.0,0.06,-0.04,0.01,-0.02,-0.05,-0.0,0.0,0.0,3.5,-3.39,-1.16,-2.05,2.08,-0.07,-0.02,-0.05,-21.72,-29.71,9.57,-23.91,15839.0,33.0,-15554.0,-1492.0,0.0,0.0,0.0,0.0,0.0,0.0,1,1
252,252,15.943418264389038,0.0,-0.05,0.06,0.04,0.0,-0.03,0.0,-0.0,0.0,0.58,0.29,1.1,-1.95,0.05,-0.02,-0.21,0.0,-21.69,-29.69,9.64,-24.03,15842.0,32.0,-15567.0,-1492.0,0.0,0.0,0.0,0.0,0.0,0.0,1,1
253,253,16.004259824752808,0.0,-0.01,-0.0,0.01,0.01,-0.0,0.0,-0.11,0.0,0.0,0.03,1.56,-1.13,0.0,0.0,-6.83,-0.07,-21.69,-29.69,9.74,-24.1,15842.0,32.0,-15977.0,-1496.0,0.0,0.0,0.0,0.0,0.0,0.0,0,1
254,254,16.06618094444275,0.0,0.0,-0.01,0.01,0.02,-0.0,0.0,-0.14,0.01,0.26,-0.35,2.08,-0.11,0.02,0.0,-15.02,0.53,-21.67,-29.71,9.86,-24.1,15843.0,32.0,-16863.0,-1465.0,0.0,0.0,0.0,0.0,0.0,0.0,1,1
255,255,16.127070665359497,0.0,0.01,-0.02,-0.1,0.02,-0.0,0.0,-0.08,-0.0,0.8,-1.3,-3.93,1.37,0.0,0.0,-19.85,0.32,-21.62,-29.79,9.62,-24.02,15843.0,32.0,-18054.0,-1446.0,0.0,0.0,0.0,0.0,0.0,0.0,0,1
256,256,16.18876338005066,0.0,-0.01,0.0,0.19,-0.27,-0.0,0.0,-0.09,0.01,0.43,-1.28,7.64,-14.94,0.0,0.0,-25.08,0.82,-21.6,-29.87,10.09,-24.93,15843.0,32.0,-19584.0,-1396.0,0.0,0.0,0.0,0.0,0.0,0.0,0,1
257,257,16.239699363708496,0.0,0.01,0.02,-0.19,0.14,-0.0,0.0,-0.24,0.01,1.13,-0.21,-3.86,-6.39,0.0,0.0,-39.47,1.28,-21.53,-29.88,9.86,-25.32,15843.0,32.0,-21952.0,-1319.0,0.0,0.0,0.0,0.0,0.0,0.0,0,1
258,258,16.301467180252075,0.0,-0.03,-0.0,0.19,-0.06,-0.0,0.0,0.23,0.01,-0.73,-0.41,7.9,-10.14,-0.05,0.0,-25.54,1.79,-21.58,-29.9,10.34,-25.93,15840.0,32.0,-23510.0,-1210.0,0.0,0.0,0.0,0.0,0.0,0.0,1,1
259,259,16.372416973114014,0.0,0.02,-0.03,0.34,-0.41,0.0,0.0,0.23,-0.04,0.59,-2.2,28.72,-35.23,-0.03,-0.03,-11.54,-0.54,-21.54,-30.04,12.09,-28.08,15838.0,30.0,-24214.0,-1243.0,0.0,0.0,0.0,0.0,0.0,0.0,1,1
260,260,16.424179315567017,0.0,-0.04,0.03,-0.26,0.67,0.0,0.0,0.1,0.01,-1.89,-0.52,12.75,6.01,0.0,0.0,-5.03,0.26,-21.66,-30.07,12.88,-27.71,15838.0,30.0,-24526.0,-1227.0,0.0,0.0,0.0,0.0,0.0,0.0,0,1
261,261,16.486008882522583,0.0,-0.01,0.03,-0.19,0.0,0.0,0.0,0.07,-0.0,-2.44,1.25,1.36,6.13,0.63,0.0,-0.63,0.17,-21.8,-29.99,12.96,-27.34,15876.0,30.0,-24564.0,-1217.0,0.0,0.0,0.0,0.0,0.0,0.0,1,1
262,262,16.546874046325684,0.0,-0.03,0.04,0.06,-0.1,0.0,0.0,0.01,-0.0,-4.49,3.64,5.06,0.04,0.66,0.12,0.0,0.03,-22.07,-29.78,13.26,-27.34,15915.0,37.0,-24564.0,-1215.0,0.0,0.0,0.0,0.0,0.0,0.0,1,1
263,263,16.60764455795288,0.0,0.01,-0.01,0.38,-0.12,-0.01,0.0,0.01,-0.0,-3.94,3.14,27.68,-7.05,0.2,0.17,-0.02,0.02,-22.3,-29.59,14.92,-27.76,15927.0,47.0,-24565.0,-1214.0,0.0,0.0,0.0,0.0,0.0,0.0,1,1
264,264,16.66948699951172,0.0,-0.02,0.07,-0.04,-0.02,0.09,0.0,-0.07,0.02,-5.22,7.06,25.11,-8.19,5.87,0.18,-4.17,0.95,-22.62,-29.17,16.43,-28.25,16279.0,58.0,-24815.0,-1157.0,0.0,0.0,0.0,0.0,0.0,0.0,1,1
265,265,16.730356693267822,0.0,0.03,0.17,-0.11,0.3,0.03,-0.0,0.06,-0.02,-3.39,17.72,18.4,10.33,7.9,-0.07,-0.25,-0.23,-22.82,-28.09,17.55,-27.62,16761.0,54.0,-24830.0,-1171.0,0.0,0.0,0.0,0.0,0.0,0.0,1,1
266,266,16.79220700263977,0.0,0.05,-0.26,-0.03,-0.25,-0.55,-0.01,0.02,-0.0,-0.51,2.21,16.87,-4.49,-25.23,-0.62,0.92,-0.5,-22.86,-27.95,18.56,-27.89,15247.0,17.0,-24775.0,-1201.0,0.0,0.0,0.0,0.0,0.0,0.0,1,1
267,267,16.8540198802948,0.0,0.14,-0.19,-0.12,-0.23,0.91,0.03,-0.29,-0.0,8.23,-9.88,9.4,-19.2,32.29,1.05,-17.63,-0.65,-22.34,-28.58,19.16,-29.1,17281.0,83.0,-25886.0,-1242.0,0.0,0.0,0.0,0.0,0.0,0.0,1,1
268,268,16.914825677871704,0.0,-0.2,0.2,0.55,0.35,1.28,-0.01,0.11,-0.02,-3.88,2.03,42.94,1.98,110.08,0.41,-11.23,-1.67,-22.57,-28.45,21.78,-28.98,23996.0,108.0,-26571.0,-1344.0,0.0,0.0,0.0,0.0,0.0,0.0,1,1
269,269,16.97677493095398,0.0,0.04,0.04,-0.99,0.3,-1.88,-0.01,0.61,0.03,-1.55,4.33,-17.3,20.54,-4.9,0.08,25.95,0.25,-22.67,-28.19,20.72,-27.73,23697.0,113.0,-24988.0,-1329.0,0.0,0.0,0.0,0.0,0.0,0.0,1,1
270,270,17.037546396255493,0.0,0.03,-0.06,0.04,-0.34,-0.43,-0.0,0.12,-0.01,0.25,0.84,-14.63,-0.52,-31.58,-0.06,33.66,-0.15,-22.65,-28.14,19.81,-27.76,21739.0,109.0,-22901.0,-1338.0,0.0,0.0,0.0,0.0,0.0,0.0,1,1
271,271,17.099473237991333,0.0,0.05,-0.13,0.4,-0.22,0.35,-0.0,-0.27,0.02,3.43,-7.49,10.13,-13.88,-9.77,-0.13,17.15,0.84,-22.44,-28.6,20.44,-28.62,21133.0,101.0,-21838.0,-1286.0,0.0,0.0,0.0,0.0,0.0,0.0,1,1
272,272,17.160202741622925,0.0,-0.02,0.05,-0.43,0.21,0.15,0.0,0.14,-0.02,1.93,-4.56,-16.66,-0.77,-0.23,-0.05,26.06,-0.19,-22.32,-28.88,19.41,-28.67,21119.0,98.0,-20222.0,-1298.0,0.0,0.0,0.0,0.0,0.0,0.0,1,1
273,273,17.222058057785034,0.0,-0.02,0.05,-0.13,0.03,0.0,0.0,-0.23,0.02,0.84,-1.69,-24.68,1.23,-0.08,-0.03,12.1,0.97,-22.27,-28.99,17.9,-28.6,21114.0,96.0,-19484.0,-1239.0,0.0,0.0,0.0,0.0,0.0,0.0,1,1
274,274,17.28388524055481,0.0,-0.0,0.02,0.41,-0.12,0.0,0.0,-0.14,-0.01,0.82,-0.5,0.49,-6.41,0.0,0.0,3.35,0.65,-22.22,-29.02,17.93,-28.99,21114.0,96.0,-19276.0,-1199.0,0.0,0.0,0.0,0.0,0.0,0.0,0,1
275,275,17.344679594039917,0.0,0.03,-0.02,0.14,0.0,0.0,0.0,0.02,-0.02,2.35,-1.97,8.8,-6.27,0.0,0.0,4.81,-0.64,-22.08,-29.14,18.45,-29.36,21114.0,96.0,-18992.0,-1237.0,0.0,0.0,0.0,0.0,0.0,0.0,0,1
276,276,17.395544052124023,0.0,-0.06,0.06,-0.01,0.14,0.0,0.0,0.07,0.01,-1.0,1.54,8.21,2.2,-0.07,0.0,8.86,-0.2,-22.14,-29.04,18.94,-29.23,21110.0,96.0,-18469.0,-1249.0,0.0,0.0,0.0,0.0,0.0,0.0,1,1
277,277,17.457518577575684,0.0,-0.0,-0.01,0.04,0.12,-0.01,0.0,-0.07,0.01,-1.14,0.79,10.51,9.28,-0.4,0.25,4.6,0.2,-22.21,-29.0,19.57,-28.68,21086.0,111.0,-18193.0,-1237.0,0.0,0.0,0.0,0.0,0.0,0.0,1,1
278,278,17.519256591796875,0.0,0.01,0.02,-0.1,0.13,-0.0,0.0,0.02,0.0,-0.8,2.08,4.35,17.06,-0.52,0.33,6.03,0.23,-22.26,-28.87,19.83,-27.65,21055.0,131.0,-17831.0,-1223.0,0.0,0.0,0.0,0.0,0.0,0.0,1,1
279,279,17.580193758010864,0.0,-0.04,0.06,0.05,-0.17,0.0,0.0,0.03,0.0,-2.98,5.87,7.3,6.92,-0.44,0.61,7.95,0.44,-22.44,-28.51,20.27,-27.23,21028.0,168.0,-17346.0,-1196.0,0.0,0.0,0.0,0.0,0.0,0.0,1,1
280,280,17.6409273147583,0.0,-0.07,0.1,0.07,0.13,-0.0,0.01,0.16,0.0,-7.23,11.85,11.28,14.71,-0.47,0.97,17.27,0.71,-22.86,-27.81,20.94,-26.36,21000.0,225.0,-16327.0,-1154.0,0.0,0.0,0.0,0.0,0.0,0.0,1,1
281,281,17.702723741531372,0.0,0.09,-0.04,-0.05,0.02,-0.05,0.01,0.03,-0.02,-1.54,9.22,8.47,15.82,-3.22,1.43,18.97,-0.28,-22.96,-27.26,21.45,-25.41,20807.0,311.0,-15189.0,-1171.0,0.0,0.0,0.0,0.0,0.0,0.0,1,1
282,282,17.7646005153656,0.0,0.0,-0.11,-0.28,-0.06,-0.25,-0.02,-0.01,0.0,-1.35,2.28,-8.92,12.09,-18.5,0.31,18.27,-0.1,-23.04,-27.12,20.89,-24.66,19660.0,330.0,-14056.0,-1177.0,0.0,0.0,0.0,0.0,0.0,0.0,1,1
283,283,17.825483798980713,0.0,0.01,-0.04,0.14,-0.12,-0.14,-0.0,0.06,-0.0,-0.52,-0.08,-0.09,4.35,-26.94,0.13,21.92,-0.18,-23.07,-27.13,20.89,-24.39,17990.0,338.0,-12697.0,-1188.0,0.0,0.0,0.0,0.0,0.0,0.0,1,1
284,284,17.887227296829224,0.0,0.02,-0.02,-0.01,-0.0,-0.17,0.0,0.11,-0.01,0.51,-1.31,-0.68,4.18,-37.56,0.16,28.98,-1.0,-23.04,-27.21,20.85,-24.13,15624.0,348.0,-10871.0,-1251.0,0.0,0.0,0.0,0.0,0.0,0.0,1,1
285,285,17.94821310043335,0.0,-0.01,0.03,0.09,-0.02,-0.04,-0.0,-0.09,0.01,0.17,0.47,4.71,3.17,-39.89,-0.1,23.28,-0.44,-23.03,-27.18,21.13,-23.94,13191.0,342.0,-9451.0,-1278.0,0.0,0.0,0.0,0.0,0.0,0.0,1,1
286,286,18.00990319252014,0.0,-0.03,0.06,-0.06,-0.04,0.16,-0.0,-0.25,0.01,-1.42,4.29,1.26,0.94,-30.08,-0.11,7.84,0.48,-23.12,-26.91,21.21,-23.88,11326.0,335.0,-8965.0,-1248.0,0.0,0.0,0.0,0.0,0.0,0.0,1,1
287,287,18.070738077163696,0.0,0.04,-0.09,-0.07,0.04,-0.03,0.0,0.29,-0.04,0.76,-0.89,-2.99,3.44,-32.12,0.08,25.07,-2.08,-23.07,-26.97,21.03,-23.67,9399.0,340.0,-7461.0,-1373.0,0.0,0.0,0.0,0.0,0.0,0.0,1,1
288,288,18.132620573043823,0.0,0.01,-0.04,-0.07,0.03,0.11,0.0,0.19,0.03,1.49,-3.12,-7.14,5.36,-25.25,0.18,36.82,-0.25,-22.98,-27.16,20.6,-23.35,7859.0,351.0,-5215.0,-1388.0,0.0,0.0,0.0,0.0,0.0,0.0,1,1
289,289,18.194408416748047,0.0,0.03,-0.01,-0.06,-0.01,0.05,-0.01,-0.08,0.02,3.16,-3.99,-10.5,4.66,-21.97,-0.17,32.32,1.17,-22.79,-27.4,19.97,-23.07,6541.0,341.0,-3276.0,-1318.0,0.0,0.0,0.0,0.0,0.0,0.0,1,1
290,290,18.25538754463196,0.0,-0.05,0.08,0.01,-0.03,-0.03,0.0,-0.1,-0.02,0.05,1.07,-10.19,3.02,-23.74,0.0,26.2,-0.26,-22.79,-27.33,19.34,-22.88,5093.0,341.0,-1678.0,-1334.0,0.0,0.0,0.0,0.0,0.0,0.0,1,1
291,291,18.31708288192749,0.0,0.01,-0.03,0.06,0.13,-0.25,0.0,0.28,0.0,0.86,-0.74,-6.45,11.04,-39.5,0.0,43.76,-0.26,-22.74,-27.38,18.94,-22.2,2644.0,341.0,1035.0,-1350.0,0.0,0.0,0.0,0.0,0.0,0.0,1,1
292,292,18.367995738983154,0.0,-0.02,0.03,-0.06,0.05,-0.06,0.0,-0.6,-0.0,-0.19,1.14,-10.11,13.87,-42.87,-0.03,7.48,-0.43,-22.75,-27.31,18.34,-21.37,72.0,339.0,1484.0,-1376.0,0.0,0.0,0.0,0.0,0.0,0.0,1,1
293,293,18.428781270980835,0.0,0.04,-0.08,0.39,-0.13,0.61,-0.0,-0.12,0.01,2.01,-3.76,13.66,6.22,-5.43,-0.23,0.02,0.0,-22.62,-27.54,19.17,-20.99,-259.0,325.0,1485.0,-1376.0,0.0,0.0,0.0,0.0,0.0,0.0,1,1
294,294,18.490644931793213,0.0,-0.05,0.07,-0.15,-0.04,-0.0,0.0,-0.0,0.01,-0.78,0.26,4.68,3.63,-5.54,-0.07,-0.03,0.0,-22.67,-27.52,19.45,-20.77,-586.0,321.0,1483.0,-1376.0,0.0,0.0,0.0,0.0,0.0,0.0,1,1
295,295,18.552451848983765,0.0,0.01,0.02,-0.23,-0.06,0.07,0.0,0.0,0.01,-0.28,1.6,-9.33,0.1,-1.48,-0.07,0.03,0.0,-22.69,-27.43,18.89,-20.77,-675.0,317.0,1485.0,-1376.0,0.0,0.0,0.0,0.0,0.0,0.0,1,1
296,296,18.61343669891357,0.0,0.04,-0.09,0.09,-0.02,-0.03,-0.0,-0.0,0.01,2.04,-3.59,-4.09,-1.17,-3.02,-0.17,-0.05,-0.03,-22.56,-27.64,18.64,-20.84,-856.0,307.0,1482.0,-1378.0,0.0,0.0,0.0,0.0,0.0,0.0,1,1
297,297,18.675157070159912,0.0,0.04,-0.01,-0.01,-0.02,-0.55,-0.0,0.26,0.01,4.43,-4.08,-4.7,-2.49,-36.77,-0.21,15.85,0.28,-22.29,-27.89,18.36,-20.99,-3099.0,294.0,2449.0,-1361.0,0.0,0.0,0.0,0.0,0.0,0.0,1,1
298,298,18.736101865768436,0.0,0.01,0.02,0.07,-0.04,0.13,0.0,-0.17,-0.0,4.99,-3.11,-0.2,-4.92,-28.9,0.0,5.19,0.0,-21.98,-28.08,18.34,-21.29,-4891.0,294.0,2771.0,-1361.0,0.0,0.0,0.0,0.0,0.0,0.0,1,1
299,299,18.797834873199463,0.0,-0.24,0.42,0.01,-0.01,-0.03,0.0,-0.19,-0.0,-9.04,21.86,0.34,-5.78,-30.71,-1.71,-6.03,0.25,-22.52,-26.79,18.36,-21.64,-6703.0,193.0,2415.0,-1346.0,0.0,0.0,0.0,0.0,0.0,0.0,1,1
300,300,18.858779430389404,0.0,0.13,-0.18,-0.0,-0.12,0.46,0.01,0.01,0.0,-0.71,10.81,0.06,-13.4,-2.15,-1.35,-5.15,0.37,-22.56,-26.12,18.37,-22.47,-6836.0,109.0,2096.0,-1323.0,0.0,0.0,0.0,0.0,0.0,0.0,1,1
301,301,18.92049741744995,0.0,0.02,-0.12,-0.01,0.18,0.52,0.01,-0.04,0.0,0.3,3.38,-0.44,-2.57,29.85,-0.59,-7.66,0.44,-22.54,-25.92,18.34,-22.62,-5015.0,73.0,1629.0,-1296.0,0.0,0.0,0.0,0.0,0.0,0.0,1,1
302,302,18.981448650360107,0.0,-0.07,0.2,-0.05,0.04,0.0,0.0,0.07,-0.01,-3.62,15.04,-3.58,-0.1,29.86,-0.56,-3.36,0.0,-22.76,-25.03,18.13,-22.63,-3253.0,40.0,1431.0,-1296.0,0.0,0.0,0.0,0.0,0.0,0.0,1,1
303,303,19.03322005271912,0.0,0.03,-0.24,-0.08,0.01,-0.47,0.01,0.06,-0.01,-1.99,0.52,-8.23,0.49,1.33,-0.07,0.05,0.03,-22.88,-25.0,17.63,-22.6,-3172.0,36.0,1434.0,-1294.0,0.0,0.0,0.0,0.0,0.0,0.0,1,1
304,304,19.094035625457764,0.0,-0.02,0.11,0.2,-0.01,-0.02,-0.0,0.04,0.0,-3.36,7.09,3.79,-0.32,-0.02,-0.1,2.17,0.25,-23.08,-24.58,17.85,-22.62,-3173.0,30.0,1562.0,-1279.0,0.0,0.0,0.0,0.0,0.0,0.0,1,1
305,305,19.15584278106689,0.0,0.02,-0.05,0.04,0.02,-0.0,-0.01,0.13,-0.01,-2.38,4.29,5.92,0.67,-0.05,-0.54,10.15,-0.48,-23.22,-24.32,18.21,-22.58,-3176.0,-3.0,2181.0,-1308.0,0.0,0.0,0.0,0.0,0.0,0.0,1,1
306,306,19.216820001602173,0.0,0.05,-0.19,-0.09,-0.02,-0.0,0.0,-0.1,0.0,0.51,-6.88,0.82,-0.32,-0.13,-0.25,3.92,-0.28,-23.19,-24.73,18.26,-22.6,-3184.0,-18.0,2416.0,-1325.0,0.0,0.0,0.0,0.0,0.0,0.0,1,1
307,307,19.27856206893921,0.0,-0.0,-0.04,-0.07,-0.0,-0.0,0.01,-0.16,0.01,0.38,-9.52,-3.53,-0.56,-0.28,0.28,-5.62,0.35,-23.17,-25.3,18.05,-22.63,-3201.0,-1.0,2079.0,-1304.0,0.0,0.0,0.0,0.0,0.0,0.0,1,1
308,308,19.340346574783325,0.0,-0.04,0.06,0.13,-0.06,0.0,-0.0,0.04,0.01,-1.76,-5.85,4.65,-4.01,-0.08,0.08,-2.89,1.08,-23.28,-25.66,18.33,-22.87,-3206.0,4.0,1903.0,-1238.0,0.0,0.0,0.0,0.0,0.0,0.0,1,1
309,309,19.401214838027958,0.0,0.02,0.07,0.15,0.15,0.0,-0.0,-0.16,-0.01,-0.8,-1.98,13.76,5.13,0.1,-0.05,-12.29,0.49,-23.32,-25.78,19.14,-22.57,-3200.0,1.0,1178.0,-1209.0,0.0,0.0,0.0,0.0,0.0,0.0,1,1
310,310,19.45207643508911,0.0,0.02,0.05,-0.05,0.02,0.0,0.0,-0.21,-0.0,0.68,0.87,10.89,6.59,0.2,0.1,-24.97,0.3,-23.28,-25.72,19.81,-22.17,-3188.0,7.0,-345.0,-1191.0,0.0,0.0,0.0,0.0,0.0,0.0,1,1
311,311,19.51393175125122,0.0,0.0,0.04,-0.16,-0.04,-0.0,0.0,0.03,0.0,0.73,3.17,1.61,4.07,0.05,0.33,-23.33,0.5,-23.24,-25.54,19.9,-21.93,-3185.0,26.0,-1698.0,-1162.0,0.0,0.0,0.0,0.0,0.0,0.0,1,1
312,312,19.57472062110901,0.0,-0.01,-0.05,-0.02,-0.06,-0.0,-0.0,0.4,-0.01,-0.01,0.25,0.57,0.8,0.05,0.08,0.22,0.0,-23.24,-25.53,19.94,-21.89,-3182.0,31.0,-1685.0,-1162.0,0.0,0.0,0.0,0.0,0.0,0.0,1,1
313,313,19.63658833503723,0.0,-0.01,-0.04,-0.0,0.02,-0.0,0.0,0.43,-0.01,-0.59,-2.38,0.52,2.26,-0.2,0.1,26.34,-1.0,-23.28,-25.67,19.97,-21.75,-3194.0,37.0,-78.0,-1223.0,0.0,0.0,0.0,0.0,0.0,0.0,1,1
314,314,19.69839191436768,0.0,0.0,-0.01,-0.02,0.04,-0.0,-0.0,0.06,0.01,-0.29,-2.84,-0.48,4.8,-0.22,0.0,29.97,-0.55,-23.29,-25.84,19.94,-21.46,-3207.0,37.0,1720.0,-1256.0,0.0,0.0,0.0,0.0,0.0,0.0,1,1
315,315,19.759278774261475,0.0,0.02,-0.01,0.05,0.1,-0.0,-0.0,-0.14,-0.01,0.95,-3.16,2.48,10.88,-0.31,0.03,21.16,-0.92,-23.23,-26.03,20.09,-20.8,-3226.0,39.0,3011.0,-1312.0,0.0,0.0,0.0,0.0,0.0,0.0,1,1
316,316,19.820233821868896,0.0,-0.0,0.03,0.18,0.03,-0.0,0.0,-0.2,0.01,0.71,-1.11,13.06,12.48,-0.32,0.28,9.37,-0.13,-23.19,-26.1,20.87,-20.05,-3245.0,56.0,3573.0,-1320.0,0.0,0.0,0.0,0.0,0.0,0.0,1,1
317,317,19.87199306488037,0.0,0.03,-0.07,-0.0,0.12,0.0,0.0,-0.12,0.0,2.64,-5.44,13.05,19.29,-0.24,0.44,2.2,0.0,-23.04,-26.42,21.64,-18.91,-3259.0,82.0,3703.0,-1320.0,0.0,0.0,0.0,0.0,0.0,0.0,1,1
318,318,19.93279337882996,0.0,0.05,-0.21,-0.18,-0.02,-0.01,0.01,0.03,0.0,5.86,-18.2,2.25,17.88,-0.55,0.82,4.22,0.15,-22.68,-27.51,21.78,-17.84,-3292.0,131.0,3956.0,-1311.0,0.0,0.0,0.0,0.0,0.0,0.0,1,1
319,319,19.99460291862488,0.0,0.01,0.12,-0.03,-0.24,0.0,-0.01,0.21,-0.01,6.36,-10.82,0.5,3.42,-0.52,0.45,16.57,-0.23,-22.3,-28.16,21.81,-17.63,-3323.0,158.0,4950.0,-1325.0,0.0,0.0,0.0,0.0,0.0,0.0,1,1
320,320,20.05643439292908,0.0,0.04,0.06,0.0,-0.03,-0.01,0.0,0.14,0.0,8.68,-7.3,0.56,1.63,-0.98,0.49,25.41,-0.11,-21.77,-28.61,21.84,-17.53,-3383.0,188.0,6500.0,-1332.0,0.0,0.0,0.0,0.0,0.0,0.0,1,1
321,321,20.117303371429443,0.0,-0.15,0.27,0.06,0.01,-0.02,0.0,-0.25,0.0,-0.38,8.48,4.39,2.36,-2.32,0.68,10.76,-0.02,-21.8,-28.11,22.1,-17.39,-3520.0,228.0,7135.0,-1333.0,0.0,0.0,0.0,0.0,0.0,0.0,1,1
322,322,20.179115056991577,0.0,0.04,-0.08,0.3,0.32,-0.05,-0.01,-0.2,0.0,2.0,3.86,22.56,22.09,-5.46,0.34,-1.52,0.0,-21.67,-27.87,23.48,-16.04,-3853.0,249.0,7042.0,-1333.0,0.0,0.0,0.0,0.0,0.0,0.0,1,1
323,323,20.239996433258057,0.0,0.02,-0.07,-0.36,-0.26,-0.06,-0.01,-0.1,0.0,3.04,-0.6,1.18,6.76,-9.02,-0.23,-7.78,-0.08,-21.49,-27.91,23.55,-15.64,-4394.0,235.0,6575.0,-1338.0,0.0,0.0,0.0,0.0,0.0,0.0,1,1
324,324,20.30181050300598,0.0,-0.03,-0.01,-0.04,-0.11,0.14,-0.01,-0.1,0.01,1.32,-0.94,-1.04,0.34,-0.33,-0.67,-14.02,0.3,-21.41,-27.96,23.49,-15.62,-4414.0,195.0,5734.0,-1320.0,0.0,0.0,0.0,0.0,0.0,0.0,1,1
325,325,20.352728366851807,0.0,-0.01,-0.01,0.0,-0.0,0.08,0.01,0.08,-0.0,0.9,-1.47,-0.98,0.08,4.56,0.13,-9.31,0.23,-21.36,-28.06,23.43,-15.61,-4131.0,203.0,5157.0,-1306.0,0.0,0.0,0.0,0.0,0.0,0.0,1,1
326,326,20.414509534835812,0.0,-0.03,0.08,-0.01,0.02,0.41,0.02,-0.01,-0.0,-1.16,3.48,-1.37,1.21,28.9,1.08,-10.03,0.13,-21.43,-27.85,23.34,-15.54,-2397.0,268.0,4555.0,-1298.0,0.0,0.0,0.0,0.0,0.0,0.0,1,1
327,327,20.47534942626953,0.0,-0.12,0.15,0.04,-0.07,0.1,-0.0,-0.08,0.0,-8.35,12.8,1.28,-2.76,34.97,0.92,-15.13,0.31,-21.94,-27.07,23.42,-15.71,-264.0,324.0,3632.0,-1279.0,0.0,0.0,0.0,0.0,0.0,0.0,1,1
328,328,20.537150144577023,0.0,-0.05,0.13,0.16,-0.13,-0.17,0.0,-0.14,0.01,-11.5,20.48,10.59,-10.39,24.65,1.17,-23.43,1.12,-22.63,-25.84,24.06,-16.33,1215.0,394.0,2226.0,-1212.0,0.0,0.0,0.0,0.0,0.0,0.0,1,1
329,329,20.59802770614624,0.0,0.17,-0.28,0.06,-0.09,-0.25,-0.01,-0.23,0.0,-0.91,3.22,14.49,-15.96,9.64,0.44,-37.18,1.21,-22.68,-25.64,24.94,-17.31,1803.0,421.0,-42.0,-1138.0,0.0,0.0,0.0,0.0,0.0,0.0,1,1
330,330,20.659964323043823,0.0,0.06,-0.15,-0.27,0.09,-0.1,-0.0,-0.17,-0.01,2.59,-5.89,-2.24,-10.38,3.77,0.18,-47.25,0.87,-22.52,-26.0,24.8,-17.94,2033.0,432.0,-2924.0,-1085.0,0.0,0.0,0.0,0.0,0.0,0.0,1,1
331,331,20.7217059135437,0.0,0.0,0.06,-0.05,0.14,0.08,-0.0,-0.17,0.03,2.73,-2.48,-5.08,-2.1,8.93,0.16,-57.62,2.44,-22.36,-26.15,24.49,-18.07,2578.0,442.0,-6439.0,-936.0,0.0,0.0,0.0,0.0,0.0,0.0,1,1
332,332,20.782589435577396,0.0,0.03,0.02,0.08,-0.07,-0.01,-0.01,0.61,-0.04,4.23,-1.35,-0.28,-6.29,8.43,-0.18,-21.0,0.28,-22.1,-26.23,24.48,-18.45,3084.0,431.0,-7699.0,-919.0,0.0,0.0,0.0,0.0,0.0,0.0,1,1
333,333,20.843364000320435,0.0,0.1,-0.11,0.09,-0.0,-0.05,0.01,0.12,-0.01,10.09,-7.86,5.31,-6.4,5.68,0.17,-13.68,-0.5,-21.5,-26.7,24.8,-18.83,3425.0,441.0,-8520.0,-949.0,0.0,0.0,0.0,0.0,0.0,0.0,1,1
334,334,20.90531039237976,0.0,-0.12,-0.1,0.2,0.06,-0.11,0.01,0.2,0.0,2.57,-14.23,17.31,-2.78,-1.18,0.48,-1.72,-0.2,-21.34,-27.57,25.85,-19.0,3353.0,470.0,-8625.0,-961.0,0.0,0.0,0.0,0.0,0.0,0.0,1,1
335,335,20.967041730880737,0.0,-0.1,0.31,-0.04,-0.05,-0.37,0.01,0.03,0.0,-3.67,4.45,15.17,-5.6,-23.15,1.13,0.05,0.0,-21.56,-27.3,26.76,-19.34,1964.0,538.0,-8622.0,-961.0,0.0,0.0,0.0,0.0,0.0,0.0,1,1
336,336,21.018035173416138,0.0,0.03,0.03,-0.24,0.06,-0.09,-0.02,-0.0,0.0,-2.03,6.2,0.48,-2.08,-28.75,-0.18,0.0,0.0,-21.68,-26.93,26.79,-19.46,239.0,527.0,-8622.0,-961.0,0.0,0.0,0.0,0.0,0.0,0.0,1,0
337,337,21.07973289489746,0.0,0.49,-0.12,-0.12,0.05,-0.23,-0.02,-0.0,0.0,27.62,-0.84,-7.01,1.0,-42.49,-1.33,0.0,-0.03,-20.0,-26.98,26.36,-19.4,-2353.0,446.0,-8622.0,-963.0,0.0,0.0,0.0,0.0,0.0,0.0,1,1
338,338,21.140681266784668,0.0,-0.16,-0.06,0.08,0.03,-0.19,0.02,-0.0,0.0,17.77,-4.31,-2.25,2.58,-54.1,-0.05,0.02,0.02,-18.91,-27.25,26.23,-19.24,-5653.0,443.0,-8621.0,-962.0,0.0,0.0,0.0,0.0,0.0,0.0,1,1
339,339,21.203417778015137,0.0,-0.15,0.03,0.01,-0.13,0.08,-0.0,-0.0,0.0,8.73,-2.37,-1.87,-5.59,-49.26,-0.08,0.0,0.05,-18.38,-27.39,26.11,-19.58,-8658.0,438.0,-8621.0,-959.0,0.0,0.0,0.0,0.0,0.0,0.0,1,1
340,340,21.263283729553223,0.0,-0.27,-0.21,0.08,0.1,-0.15,0.0,-0.0,-0.0,-7.72,-15.09,3.08,0.35,-57.98,0.02,-0.07,0.0,-18.84,-28.3,26.3,-19.56,-12137.0,439.0,-8625.0,-959.0,0.0,0.0,0.0,0.0,0.0,0.0,1,1
341,341,21.32507586479187,0.0,0.04,0.17,0.09,0.18,0.29,0.02,0.0,-0.0,-5.19,-4.56,8.96,11.41,-39.69,1.0,-0.02,-0.03,-19.17,-28.58,26.85,-18.85,-14598.0,501.0,-8626.0,-961.0,0.0,0.0,0.0,0.0,0.0,0.0,1,1
342,342,21.385995149612427,0.0,0.02,0.12,-0.12,0.03,0.4,-0.01,-0.0,-0.0,-4.04,2.78,1.88,12.94,-15.45,0.58,-0.02,-0.03,-19.41,-28.41,26.97,-18.08,-15525.0,536.0,-8627.0,-963.0,0.0,0.0,0.0,0.0,0.0,0.0,1,1
343,343,21.44777250289917,0.0,-0.04,0.08,-0.06,-0.02,0.18,-0.01,0.0,0.0,-6.19,7.41,-1.8,11.45,-4.26,-0.1,0.0,0.0,-19.79,-27.96,26.86,-17.38,-15785.0,530.0,-8627.0,-963.0,0.0,0.0,0.0,0.0,0.0,0.0,1,1
344,344,21.508559703826904,0.0,0.28,-0.16,-0.07,-0.22,0.03,-0.01,0.0,0.0,11.0,-2.52,-6.02,-2.23,-2.26,-0.61,0.76,-0.82,-19.1,-28.12,26.48,-17.52,-15925.0,492.0,-8580.0,-1014.0,0.0,0.0,0.0,0.0,0.0,0.0,1,1
345,345,21.57050657272339,0.0,-0.07,-0.03,0.05,-0.07,-0.01,0.02,-0.01,0.01,6.69,-4.49,-2.74,-6.67,-2.85,0.38,0.0,0.0,-18.7,-28.39,26.32,-17.92,-16099.0,515.0,-8580.0,-1014.0,0.0,0.0,0.0,0.0,0.0,0.0,1,1
346,346,21.631301164627075,0.0,-0.18,0.03,0.16,0.11,-0.07,-0.0,-0.01,0.01,-4.3,-2.49,7.13,0.04,-7.21,0.23,0.05,0.0,-18.96,-28.54,26.76,-17.92,-16546.0,529.0,-8577.0,-1014.0,0.0,0.0,0.0,0.0,0.0,0.0,1,1
347,347,21.693093299865723,0.0,-0.0,0.1,-0.02,0.13,0.11,0.0,-0.02,0.01,-4.32,3.33,5.96,8.04,-0.88,0.45,-0.88,0.4,-19.22,-28.34,27.11,-17.44,-16599.0,556.0,-8630.0,-990.0,0.0,0.0,0.0,0.0,0.0,0.0,1,1
348,348,21.753904342651367,0.0,-0.05,0.12,-0.11,-0.05,0.1,0.0,0.01,-0.01,-7.34,10.25,-0.76,5.35,4.88,0.64,-0.03,0.07,-19.66,-27.74,27.07,-17.12,-16311.0,594.0,-8632.0,-986.0,0.0,0.0,0.0,0.0,0.0,0.0,1,1
349,349,21.815882921218872,0.0,0.27,0.1,-0.1,-0.12,0.19,-0.0,0.07,-0.02,9.1,16.29,-6.99,-1.77,16.49,0.34,4.02,-0.98,-19.1,-26.75,26.64,-17.23,-15305.0,615.0,-8387.0,-1046.0,0.0,0.0,0.0,0.0,0.0,0.0,1,1
350,350,21.877606868743896,0.0,0.06,-0.11,-0.01,-0.06,0.24,0.0,-0.06,0.02,12.52,9.39,-7.41,-5.51,30.85,0.36,0.11,0.0,-18.34,-26.17,26.19,-17.57,-13423.0,637.0,-8380.0,-1046.0,0.0,0.0,0.0,0.0,0.0,0.0,1,1
351,351,21.938507795333862,0.0,0.0,-0.12,0.06,-0.01,0.27,-0.0,-0.0,0.02,12.55,2.14,-3.73,-6.1,47.61,0.2,0.03,-0.02,-17.57,-26.04,25.96,-17.94,-10519.0,649.0,-8378.0,-1047.0,0.0,0.0,0.0,0.0,0.0,0.0,1,1
352,352,22.00024676322937,0.0,-0.07,0.02,0.12,0.08,-0.43,0.0,-0.0,-0.0,8.05,3.07,3.53,-1.25,21.16,0.46,-0.13,-0.03,-17.08,-25.86,26.18,-18.02,-9228.0,677.0,-8386.0,-1049.0,0.0,0.0,0.0,0.0,0.0,0.0,1,1
353,353,22.051252603530884,0.0,-0.06,0.07,0.02,0.07,-0.34,0.0,0.0,-0.0,4.42,7.4,4.8,3.17,0.3,0.46,-0.13,-0.05,-16.81,-25.4,26.47,-17.82,-9210.0,705.0,-8394.0,-1052.0,0.0,0.0,0.0,0.0,0.0,0.0,1,1
354,354,22.112943410873413,0.0,0.09,0.3,-0.09,0.01,-0.02,-0.0,0.0,0.0,9.78,24.83,-0.39,3.74,-0.85,0.42,0.0,0.0,-16.23,-23.94,26.45,-17.6,-9260.0,730.0,-8394.0,-1052.0,0.0,0.0,0.0,0.0,0.0,0.0,1,0
355,355,22.17381191253662,0.0,0.09,0.38,-0.04,-0.05,-0.0,-0.0,0.0,0.0,15.05,47.46,-2.81,0.68,-0.9,0.32,0.03,0.07,-15.35,-21.14,26.28,-17.56,-9313.0,749.0,-8392.0,-1048.0,0.0,0.0,0.0,0.0,0.0,0.0,1,1
356,356,22.235618829727173,0.0,0.05,-0.59,-0.02,-0.06,0.06,-0.0,0.0,-0.0,18.0,11.06,-3.89,-3.05,2.68,0.1,0.05,0.02,-14.23,-20.45,26.04,-17.75,-9147.0,755.0,-8389.0,-1047.0,0.0,0.0,0.0,0.0,0.0,0.0,1,1
357,357,22.29659605026245,0.0,-0.18,-0.37,0.04,-0.01,0.04,0.0,-0.0,-0.0,7.04,-10.88,-1.51,-3.35,5.18,0.33,0.0,-0.03,-13.81,-21.11,25.95,-17.95,-8836.0,775.0,-8389.0,-1049.0,0.0,0.0,0.0,0.0,0.0,0.0,1,1
358,358,22.358325958251957,0.0,-0.12,0.26,0.1,0.02,-0.18,0.0,-0.0,0.0,-0.33,5.0,4.55,-2.04,-5.98,0.39,3.45,0.15,-13.83,-20.8,26.23,-18.08,-9207.0,799.0,-8175.0,-1040.0,0.0,0.0,0.0,0.0,0.0,0.0,1,1
359,359,22.419267654418945,0.0,-0.15,-0.27,-0.01,0.09,-0.48,-0.0,0.04,0.0,-8.95,-10.92,3.99,3.37,-34.03,0.1,5.98,0.39,-14.36,-21.44,26.47,-17.88,-11215.0,805.0,-7822.0,-1017.0,0.0,0.0,0.0,0.0,0.0,0.0,1,1
360,360,22.48110318183899,0.0,-0.02,0.04,-0.06,-0.03,0.09,0.0,-0.1,-0.01,-10.47,-8.62,0.53,1.63,-28.32,0.34,0.0,0.02,-15.0,-21.98,26.5,-17.78,-12971.0,826.0,-7822.0,-1016.0,0.0,0.0,0.0,0.0,0.0,0.0,1,1
361,361,22.541911125183105,0.0,0.18,0.24,-0.04,-0.03,0.06,-0.01,-0.1,-0.0,0.48,5.94,-1.69,-0.26,-24.69,0.02,0.0,0.0,-14.98,-21.61,26.4,-17.8,-14477.0,827.0,-7822.0,-1016.0,0.0,0.0,0.0,0.0,0.0,0.0,1,1
362,362,22.603663444519043,0.0,-0.18,-0.08,0.02,-0.02,0.1,-0.0,-0.1,-0.0,-10.52,0.92,-0.65,-1.77,-18.52,-0.11,4.8,-1.2,-15.62,-21.56,26.36,-17.9,-15607.0,820.0,-7529.0,-1089.0,0.0,0.0,0.0,0.0,0.0,0.0,1,1
363,363,22.665466785430908,0.0,-0.11,-0.13,0.12,0.15,0.07,0.0,0.04,0.02,-17.19,-7.01,6.74,8.0,-13.87,0.14,7.56,-0.17,-16.7,-22.0,26.78,-17.4,-16481.0,829.0,-7053.0,-1100.0,0.0,0.0,0.0,0.0,0.0,0.0,1,1
364,364,22.726335048675537,0.0,-0.2,0.04,-0.13,-0.24,0.27,-0.0,-0.09,0.0,-28.98,-4.87,-1.11,-6.51,2.43,-0.13,2.15,-0.02,-18.44,-22.29,26.72,-17.79,-16335.0,821.0,-6924.0,-1101.0,0.0,0.0,0.0,0.0,0.0,0.0,1,1
365,365,22.78814053535461,0.0,0.26,-0.01,0.02,0.16,0.41,0.0,0.01,0.0,-12.34,-5.8,0.41,3.81,28.33,-0.1,2.75,0.21,-19.22,-22.66,26.74,-17.55,-14550.0,815.0,-6751.0,-1088.0,0.0,0.0,0.0,0.0,0.0,0.0,1,1
366,366,22.84912204742432,0.0,0.17,0.09,0.13,0.02,0.16,-0.01,-0.03,-0.0,-2.28,-0.44,8.51,4.71,38.07,-0.5,0.8,0.12,-19.35,-22.68,27.25,-17.27,-12266.0,785.0,-6703.0,-1081.0,0.0,0.0,0.0,0.0,0.0,0.0,1,1
367,367,22.910850763320923,0.0,-0.02,-0.06,-0.11,-0.06,-0.15,0.01,-0.04,0.01,-3.8,-3.82,1.94,1.22,29.15,-0.11,-1.74,0.43,-19.58,-22.92,27.37,-17.19,-10488.0,778.0,-6809.0,-1055.0,0.0,0.0,0.0,0.0,0.0,0.0,1,1
368,368,22.971677780151367,0.0,0.01,-0.14,-0.11,0.14,-0.34,0.01,-0.1,-0.02,-3.41,-12.27,-4.82,9.68,8.39,0.23,-7.92,-0.92,-19.79,-23.67,27.08,-16.6,-9976.0,792.0,-7292.0,-1111.0,0.0,0.0,0.0,0.0,0.0,0.0,1,1
369,369,23.033538341522217,0.0,0.01,-0.21,0.05,-0.02,-0.01,0.01,0.03,0.02,-2.7,-25.03,-1.73,8.28,7.97,0.89,-5.93,0.1,-19.96,-25.19,26.97,-16.1,-9490.0,846.0,-7654.0,-1105.0,0.0,0.0,0.0,0.0,0.0,0.0,1,1
370,370,23.094464778900143,0.0,0.18,0.46,-0.07,-0.05,-0.06,-0.01,0.01,-0.0,8.05,3.27,-6.18,5.33,4.39,0.18,-5.28,0.08,-19.47,-24.99,26.59,-15.77,-9222.0,857.0,-7976.0,-1100.0,0.0,0.0,0.0,0.0,0.0,0.0,1,1
371,371,23.156190872192383,0.0,0.19,0.16,0.05,-0.08,-0.07,-0.01,0.06,-0.0,19.32,12.71,-3.32,0.72,0.0,-0.37,-1.55,0.07,-18.31,-24.23,26.4,-15.73,-9222.0,835.0,-8069.0,-1096.0,0.0,0.0,0.0,0.0,0.0,0.0,1,1
372,372,23.217137575149536,0.0,-0.36,-0.24,0.0,-0.05,-0.07,0.0,0.03,-0.0,-2.37,-1.88,-3.13,-2.06,-1.62,-0.3,0.0,0.05,-18.45,-24.34,26.2,-15.85,-9321.0,817.0,-8069.0,-1093.0,0.0,0.0,0.0,0.0,0.0,0.0,1,1
373,373,23.268898725509644,0.0,0.01,0.08,0.02,0.07,-0.01,0.0,0.03,-0.0,-1.82,3.11,-1.61,2.35,-2.43,-0.02,-0.23,-0.03,-18.56,-24.15,26.11,-15.71,-9469.0,816.0,-8083.0,-1095.0,0.0,0.0,0.0,0.0,0.0,0.0,1,1
374,374,23.329841375350952,0.0,0.09,0.13,0.01,-0.08,0.04,-0.0,-0.02,0.0,3.95,10.76,-1.01,-2.32,-0.26,-0.21,-1.75,0.07,-18.32,-23.5,26.04,-15.85,-9485.0,803.0,-8190.0,-1091.0,0.0,0.0,0.0,0.0,0.0,0.0,1,1
375,375,23.391604900360107,0.0,-0.03,-0.21,0.05,0.04,0.0,0.0,-0.01,0.0,1.87,-2.0,1.84,-0.01,-0.16,-0.16,-2.31,0.1,-18.21,-23.62,26.16,-15.85,-9495.0,793.0,-8331.0,-1085.0,0.0,0.0,0.0,0.0,0.0,0.0,1,1
376,376,23.452392578125,0.0,-0.02,-0.1,-0.02,0.02,-0.05,0.0,-0.02,-0.01,0.83,-7.73,0.81,1.09,-3.18,0.02,-3.63,-0.28,-18.16,-24.08,26.21,-15.79,-9686.0,794.0,-8549.0,-1102.0,0.0,0.0,0.0,0.0,0.0,0.0,1,1
377,377,23.5142502784729,0.0,0.04,0.14,0.03,-0.03,-0.1,0.0,0.12,0.01,3.06,0.72,2.9,-0.48,-9.48,0.08,3.41,0.26,-17.97,-24.04,26.38,-15.82,-10264.0,799.0,-8341.0,-1086.0,0.0,0.0,0.0,0.0,0.0,0.0,1,1
378,378,23.5760350227356,0.0,-0.05,0.09,-0.15,-0.01,0.04,-0.0,0.09,-0.01,0.27,6.34,-6.26,-1.3,-6.83,-0.02,9.0,-0.47,-17.96,-23.66,26.01,-15.9,-10674.0,798.0,-7801.0,-1114.0,0.0,0.0,0.0,0.0,0.0,0.0,1,1
379,379,23.63690710067749,0.0,-0.03,-0.05,0.11,-0.0,0.01,-0.0,-0.14,0.0,-1.3,3.17,0.47,-1.49,-6.35,-0.19,0.4,-0.19,-18.04,-23.46,26.04,-15.99,-11068.0,786.0,-7776.0,-1126.0,0.0,0.0,0.0,0.0,0.0,0.0,1,1
380,380,23.69873642921448,0.0,-0.06,0.04,-0.01,-0.03,0.03,0.0,-0.04,0.01,-5.03,5.58,-0.41,-3.21,-4.67,-0.07,-2.08,0.3,-18.34,-23.12,26.01,-16.18,-11353.0,782.0,-7903.0,-1108.0,0.0,0.0,0.0,0.0,0.0,0.0,1,1
381,381,23.7605881690979,0.0,-0.07,-0.13,-0.06,0.05,0.08,0.0,-0.01,-0.01,-9.44,-2.17,-4.07,-0.35,0.13,0.0,-2.92,-0.02,-18.93,-23.26,25.76,-16.21,-11345.0,782.0,-8084.0,-1109.0,0.0,0.0,0.0,0.0,0.0,0.0,1,1
382,382,23.82141137123108,0.0,0.11,0.01,0.03,0.03,-0.0,0.0,0.06,0.0,-2.6,-1.71,-2.16,1.38,-0.1,0.13,0.69,0.07,-19.09,-23.36,25.63,-16.12,-11351.0,790.0,-8042.0,-1105.0,0.0,0.0,0.0,0.0,0.0,0.0,1,1
383,383,23.88224720954895,0.0,-0.07,-0.03,0.02,-0.02,0.0,-0.0,0.05,-0.0,-6.76,-3.61,-0.78,0.39,0.02,-0.05,3.46,-0.15,-19.49,-23.57,25.58,-16.1,-11350.0,787.0,-7838.0,-1114.0,0.0,0.0,0.0,0.0,0.0,0.0,1,1
384,384,23.94419312477112,0.0,0.02,-0.02,-0.03,-0.03,-0.02,-0.0,-0.05,0.0,-5.49,-5.03,-2.71,-1.55,-1.42,-0.11,0.24,0.02,-19.83,-23.88,25.41,-16.2,-11438.0,780.0,-7823.0,-1113.0,0.0,0.0,0.0,0.0,0.0,0.0,1,1
385,385,24.0048930644989,0.0,0.01,0.14,-0.02,0.01,-0.0,-0.0,-0.0,0.0,-4.82,3.92,-3.89,-0.93,-1.66,-0.16,0.02,0.03,-20.13,-23.64,25.17,-16.25,-11541.0,770.0,-7822.0,-1111.0,0.0,0.0,0.0,0.0,0.0,0.0,1,1
386,386,24.066781282424927,0.0,-0.09,-0.14,0.03,-0.07,0.05,-0.0,-0.0,-0.0,-10.71,-4.46,-1.83,-5.53,1.61,-0.18,0.0,0.0,-20.79,-23.92,25.06,-16.6,-11441.0,759.0,-7822.0,-1111.0,0.0,0.0,0.0,0.0,0.0,0.0,1,0
387,387,24.12770962715149,0.0,0.2,0.02,0.01,0.03,0.04,-0.0,-0.0,-0.0,1.63,-3.28,-1.37,-3.85,3.85,-0.41,0.0,0.08,-20.69,-24.12,24.97,-16.83,-11206.0,734.0,-7822.0,-1106.0,0.0,0.0,0.0,0.0,0.0,0.0,1,1
388,388,24.1894314289093,0.0,-0.03,-0.0,-0.08,0.02,0.01,0.0,-0.0,-0.01,-0.17,-3.31,-6.46,-2.59,4.64,-0.13,-8.95,-0.59,-20.7,-24.32,24.58,-16.99,-10923.0,726.0,-8368.0,-1142.0,0.0,0.0,0.0,0.0,0.0,0.0,1,1
389,389,24.25126481056213,0.0,-0.04,0.05,0.04,-0.01,-0.07,0.0,-0.09,0.01,-2.91,0.01,-4.25,-2.9,0.39,-0.03,-14.74,-0.02,-20.88,-24.32,24.32,-17.17,-10899.0,724.0,-9282.0,-1143.0,0.0,0.0,0.0,0.0,0.0,0.0,1,1
390,390,24.312124967575077,0.0,-0.07,-0.01,-0.02,0.06,-0.04,-0.0,-0.04,-0.01,-7.17,-0.33,-5.44,0.92,-2.16,-0.08,-17.08,-0.63,-21.33,-24.34,23.98,-17.11,-11033.0,719.0,-10341.0,-1182.0,0.0,0.0,0.0,0.0,0.0,0.0,1,1
391,391,24.37394690513611,0.0,-0.11,-0.0,-0.19,-0.01,0.03,-0.0,-0.08,0.02,-14.32,-0.46,-17.25,0.21,-0.06,-0.3,-22.3,0.49,-22.23,-24.37,22.89,-17.1,-11037.0,700.0,-11746.0,-1151.0,0.0,0.0,0.0,0.0,0.0,0.0,1,1
392,392,24.43474173545837,0.0,0.51,0.01,-0.29,0.12,0.1,-0.01,-0.11,0.03,18.12,0.39,-35.75,7.85,6.33,-0.97,-29.41,2.62,-21.09,-24.34,20.64,-16.6,-10638.0,639.0,-13599.0,-986.0,0.0,0.0,0.0,0.0,0.0,0.0,1,1
393,393,24.49657678604126,0.0,-0.33,0.05,0.44,-0.05,-0.12,-0.01,-0.31,-0.03,-2.57,3.57,-8.24,4.84,-0.98,-1.77,-48.9,0.58,-21.25,-24.12,20.13,-16.3,-10699.0,529.0,-16631.0,-950.0,0.0,0.0,0.0,0.0,0.0,0.0,1,1
394,394,24.558455228805546,0.0,0.1,-0.1,-0.07,0.01,0.02,0.03,0.23,-0.0,3.63,-2.41,-12.76,5.55,0.05,-0.25,-34.89,0.56,-21.02,-24.27,19.35,-15.97,-10696.0,514.0,-18759.0,-916.0,0.0,0.0,0.0,0.0,0.0,0.0,1,1
395,395,24.61935830116272,0.0,0.03,-0.05,-0.03,-0.01,0.03,0.0,-0.3,0.01,5.41,-5.75,-14.8,4.99,2.19,-0.03,-53.48,0.94,-20.69,-24.63,18.43,-15.66,-10560.0,512.0,-22075.0,-858.0,0.0,0.0,0.0,0.0,0.0,0.0,1,1
396,396,24.68011832237244,0.0,-0.05,0.34,-0.06,-0.37,0.37,-0.0,-0.05,0.01,2.46,14.71,-18.46,-17.43,24.46,-0.18,-56.75,1.46,-20.54,-23.73,17.31,-16.72,-9068.0,501.0,-25537.0,-769.0,0.0,0.0,0.0,0.0,0.0,0.0,1,1
397,397,24.75197744369507,0.0,-0.18,-0.4,-0.09,-0.14,-0.0,-0.01,0.06,0.01,-8.84,-10.59,-23.83,-26.14,24.32,-0.67,-52.86,2.21,-21.1,-24.4,15.81,-18.37,-7536.0,459.0,-28867.0,-630.0,0.0,0.0,0.0,0.0,0.0,0.0,1,1
398,398,24.81376051902771,0.0,0.15,0.11,0.24,0.36,0.04,0.0,-0.04,-0.01,0.69,-3.87,-8.68,-3.23,26.78,-0.57,-55.56,1.75,-21.05,-24.64,15.26,-18.57,-5849.0,423.0,-32367.0,-520.0,0.0,0.0,0.0,0.0,0.0,0.0,1,1
399,399,24.874622106552124,0.0,-0.11,0.01,0.09,0.16,-0.2,0.0,0.28,-0.02,-5.83,-3.55,-3.3,6.46,14.87,-0.34,-38.18,0.44,-21.41,-24.86,15.06,-18.18,-4942.0,402.0,-34696.0,-493.0,0.0,0.0,0.0,0.0,0.0,0.0,1,1
400,400,24.936405420303345,0.0,0.02,0.41,0.05,-0.05,-0.12,-0.01,0.37,-0.01,-4.42,21.17,-0.39,3.12,7.52,-0.69,-15.61,0.0,-21.68,-23.57,15.04,-17.99,-4483.0,360.0,-35648.0,-493.0,0.0,0.0,0.0,0.0,0.0,0.0,1,1
401,401,24.997275352478027,0.0,0.12,-0.68,-0.25,-0.13,0.32,-0.01,0.67,-0.01,3.31,-20.73,-16.05,-4.73,27.11,-1.18,25.92,-0.26,-21.47,-24.85,14.04,-18.28,-2802.0,287.0,-34041.0,-509.0,0.0,0.0,0.0,0.0,0.0,0.0,1,1
402,402,25.05922031402588,0.0,0.23,0.13,0.17,-0.05,0.23,-0.0,0.23,-0.01,17.68,-12.53,-5.29,-7.8,41.31,-1.24,40.06,-0.92,-20.38,-25.63,13.71,-18.76,-241.0,210.0,-31557.0,-566.0,0.0,0.0,0.0,0.0,0.0,0.0,1,1
403,403,25.12091302871704,0.0,0.21,-0.26,-0.03,-0.03,0.29,0.03,0.26,-0.02,30.68,-28.11,-7.33,-9.8,58.87,0.89,55.92,-1.89,-18.5,-27.34,13.27,-19.36,3350.0,264.0,-28146.0,-681.0,0.0,0.0,0.0,0.0,0.0,0.0,1,1
404,404,25.181914806365967,0.0,-0.33,-0.05,0.11,-0.11,0.17,-0.05,-0.4,0.01,10.31,-31.19,-0.76,-16.36,69.4,-2.29,31.31,-1.05,-17.86,-29.28,13.22,-20.37,7653.0,122.0,-26205.0,-746.0,0.0,0.0,0.0,0.0,0.0,0.0,1,1
405,405,25.243611574172974,0.0,0.31,0.31,-0.03,0.16,-0.29,0.02,0.24,0.0,28.97,-12.08,-2.44,-6.55,51.41,-1.23,45.97,-0.85,-16.1,-30.01,13.07,-20.77,10789.0,47.0,-23401.0,-798.0,0.0,0.0,0.0,0.0,0.0,0.0,1,1
406,406,25.30456805229187,0.0,0.11,-0.16,-0.08,-0.18,0.09,-0.01,-0.31,-0.0,35.7,-22.09,-7.36,-17.42,57.16,-1.69,26.77,-0.95,-13.88,-31.38,12.61,-21.85,14333.0,-58.0,-21741.0,-857.0,0.0,0.0,0.0,0.0,0.0,0.0,1,1
407,407,25.36629343032837,0.0,0.3,0.1,0.2,0.13,0.0,0.02,0.05,0.02,54.34,-15.8,5.48,-9.47,57.21,-0.25,29.63,0.27,-10.46,-32.38,12.96,-22.45,17937.0,-74.0,-19874.0,-840.0,0.0,0.0,0.0,0.0,0.0,0.0,1,1
408,408,25.42715048789978,0.0,-0.35,0.16,0.02,0.09,-0.06,0.01,-0.12,-0.02,33.4,-6.01,6.59,-3.87,53.47,0.12,22.73,-0.78,-8.46,-32.74,13.35,-22.68,21145.0,-67.0,-18510.0,-887.0,0.0,0.0,0.0,0.0,0.0,0.0,1,1
409,409,25.489067792892456,0.0,-0.02,-0.16,-0.07,0.08,-0.36,0.02,-0.28,0.01,32.28,-15.8,2.07,0.92,31.67,1.57,5.7,-0.11,-6.49,-33.7,13.48,-22.63,23077.0,29.0,-18162.0,-894.0,0.0,0.0,0.0,0.0,0.0,0.0,1,1
410,410,25.539793968200684,0.0,-0.43,0.22,0.01,-0.08,-0.08,-0.03,-0.09,0.0,6.35,-2.63,2.41,-4.0,27.17,-0.3,0.27,0.0,-6.11,-33.86,13.62,-22.87,24707.0,11.0,-18146.0,-894.0,0.0,0.0,0.0,0.0,0.0,0.0,1,1
411,411,25.60262656211853,0.0,0.09,0.07,0.08,0.05,-0.44,-0.01,0.08,0.0,11.72,1.38,7.21,-0.93,0.38,-0.67,4.9,0.23,-5.39,-33.78,14.06,-22.92,24730.0,-30.0,-17847.0,-880.0,0.0,0.0,0.0,0.0,0.0,0.0,1,1
412,412,25.662545442581177,0.0,-0.08,0.16,-0.1,0.02,-0.01,0.01,0.14,-0.01,7.16,10.67,1.53,0.5,-0.47,0.03,12.86,-0.24,-4.98,-33.16,14.15,-22.89,24703.0,-28.0,-17101.0,-894.0,0.0,0.0,0.0,0.0,0.0,0.0,1,1
413,413,25.72433304786682,0.0,-0.03,0.33,-0.03,0.07,-0.25,-0.0,0.05,0.0,5.52,30.8,-0.32,4.87,-15.51,-0.03,15.77,-0.1,-4.64,-31.28,14.13,-22.6,23757.0,-30.0,-16139.0,-900.0,0.0,0.0,0.0,0.0,0.0,0.0,1,1
414,414,25.7851402759552,0.0,-0.05,-0.12,-0.04,0.02,0.11,-0.01,-0.2,0.0,2.38,23.53,-2.53,5.86,-8.61,-0.43,3.28,-0.07,-4.5,-29.84,13.98,-22.24,23232.0,-56.0,-15939.0,-904.0,0.0,0.0,0.0,0.0,0.0,0.0,1,1
415,415,25.847001552581787,0.0,0.2,-0.77,0.22,-0.1,-0.3,0.01,0.09,0.01,14.47,-23.29,11.06,-0.24,-26.97,0.15,8.95,0.44,-3.61,-31.26,14.65,-22.25,21587.0,-47.0,-15393.0,-877.0,0.0,0.0,0.0,0.0,0.0,0.0,1,1
416,416,25.9088397026062,0.0,-0.63,-0.56,0.02,-0.12,-0.33,-0.0,0.09,-0.02,-23.92,-57.34,12.55,-7.36,-47.39,0.05,14.23,-0.59,-5.07,-34.76,15.42,-22.7,18696.0,-44.0,-14525.0,-913.0,0.0,0.0,0.0,0.0,0.0,0.0,1,1
417,417,25.969789028167725,0.0,0.21,0.29,-0.0,0.07,0.44,0.0,-0.03,-0.0,-10.71,-39.31,12.36,-2.96,-20.19,0.16,12.66,-0.84,-5.74,-37.2,16.19,-22.89,17444.0,-34.0,-13740.0,-965.0,0.0,0.0,0.0,0.0,0.0,0.0,1,1
418,418,26.031478881835938,0.0,-0.69,0.81,-0.1,0.11,0.06,0.0,0.0,0.0,-53.21,10.65,6.3,3.82,-16.48,0.37,12.95,-0.69,-9.03,-36.54,16.58,-22.65,16422.0,-11.0,-12937.0,-1008.0,0.0,0.0,0.0,0.0,0.0,0.0,1,1
419,419,26.092347621917725,0.0,-0.18,0.47,-0.1,0.03,0.22,-0.01,-0.14,0.01,-64.1,39.59,-0.02,5.48,-3.18,-0.48,4.33,-0.08,-12.94,-34.12,16.58,-22.32,16228.0,-40.0,-12673.0,-1013.0,0.0,0.0,0.0,0.0,0.0,0.0,1,1
420,420,26.15414977073669,0.0,0.63,-0.38,-0.0,-0.05,0.01,0.0,-0.05,0.0,-24.77,16.18,-0.04,2.45,-2.66,-0.23,1.52,0.18,-14.48,-33.12,16.57,-22.16,16063.0,-54.0,-12579.0,-1002.0,0.0,0.0,0.0,0.0,0.0,0.0,1,1
421,421,26.2149875164032,0.0,0.08,0.21,0.0,0.02,-0.14,0.01,0.07,-0.0,-19.86,28.73,0.07,3.91,-11.43,0.46,6.05,0.0,-15.69,-31.37,16.58,-21.93,15366.0,-26.0,-12210.0,-1002.0,0.0,0.0,0.0,0.0,0.0,0.0,1,1
422,422,26.276870250701904,0.0,0.39,-0.53,-0.0,-0.01,0.12,-0.01,-0.06,-0.0,3.93,-3.47,0.01,3.07,-4.02,0.1,2.3,0.2,-15.45,-31.58,16.58,-21.74,15121.0,-20.0,-12070.0,-990.0,0.0,0.0,0.0,0.0,0.0,0.0,1,1
423,423,26.33780121803284,0.0,0.18,-0.65,0.09,0.08,-0.39,0.01,0.07,-0.0,14.59,-42.63,5.62,8.1,-27.37,0.53,6.33,-0.05,-14.58,-34.14,16.92,-21.25,13479.0,12.0,-11690.0,-993.0,0.0,0.0,0.0,0.0,0.0,0.0,1,1
424,424,26.39962840080261,0.0,-0.38,0.84,-0.08,0.02,-0.04,0.01,0.04,-0.01,-8.03,7.93,0.68,9.16,-29.55,1.05,8.9,-0.38,-15.06,-33.66,16.96,-20.7,11706.0,75.0,-11156.0,-1016.0,0.0,0.0,0.0,0.0,0.0,0.0,1,1
425,425,26.46043586730957,0.0,0.06,0.08,-0.02,-0.04,0.02,-0.02,-0.11,0.0,-4.17,12.98,-0.68,6.49,-28.3,-0.3,2.38,-0.08,-15.31,-32.87,16.91,-20.31,9980.0,57.0,-11011.0,-1021.0,0.0,0.0,0.0,0.0,0.0,0.0,1,1
426,426,26.522197246551517,0.0,0.0,0.12,-0.05,-0.03,0.28,0.01,0.13,0.0,-4.16,20.3,-3.89,4.65,-11.46,0.07,10.07,0.0,-15.57,-31.63,16.68,-20.02,9281.0,61.0,-10397.0,-1021.0,0.0,0.0,0.0,0.0,0.0,0.0,1,1
427,427,26.573060750961304,0.0,0.08,-0.14,0.02,-0.05,0.0,0.0,-0.03,0.0,0.64,11.75,-2.53,1.44,-11.34,0.11,8.51,0.23,-15.53,-30.92,16.52,-19.93,8589.0,68.0,-9878.0,-1007.0,0.0,0.0,0.0,0.0,0.0,0.0,1,1
428,428,26.634867191314697,0.0,0.04,-0.09,0.06,-0.01,-0.15,0.0,-0.07,-0.0,3.0,6.25,1.0,0.88,-20.25,0.32,4.34,0.19,-15.35,-30.55,16.58,-19.88,7394.0,87.0,-9622.0,-996.0,0.0,0.0,0.0,0.0,0.0,0.0,1,1
429,429,26.69584965705872,0.0,-0.02,-0.16,0.01,-0.03,-0.02,-0.0,-0.07,-0.0,2.03,-2.96,1.31,-0.91,-21.71,0.17,0.34,0.08,-15.23,-30.72,16.66,-19.94,6113.0,97.0,-9602.0,-991.0,0.0,0.0,0.0,0.0,0.0,0.0,1,1
430,430,26.75764560699463,0.0,0.07,0.09,0.01,0.03,-0.01,-0.0,-0.0,-0.0,6.56,2.59,2.21,0.79,-22.1,0.15,0.3,0.0,-14.83,-30.56,16.79,-19.89,4765.0,106.0,-9584.0,-991.0,0.0,0.0,0.0,0.0,0.0,0.0,1,1
431,431,26.81852531433105,0.0,-0.13,0.1,-0.06,0.02,0.11,0.0,-0.0,-0.0,-1.13,8.2,-1.38,1.69,-15.55,0.24,0.02,0.0,-14.9,-30.09,16.71,-19.79,3863.0,120.0,-9583.0,-991.0,0.0,0.0,0.0,0.0,0.0,0.0,1,1
432,432,26.880253076553345,0.0,0.11,0.04,-0.01,0.02,-0.02,-0.0,-0.0,-0.0,5.38,10.73,-2.1,2.93,-16.57,0.1,0.0,-0.05,-14.57,-29.43,16.59,-19.61,2852.0,126.0,-9583.0,-994.0,0.0,0.0,0.0,0.0,0.0,0.0,1,1
433,433,26.932071685791016,0.0,-0.0,0.1,-0.0,-0.03,0.14,-0.0,-0.0,0.0,5.18,16.67,-2.17,1.31,-8.03,-0.07,0.0,0.0,-14.26,-28.43,16.46,-19.53,2370.0,122.0,-9583.0,-994.0,0.0,0.0,0.0,0.0,0.0,0.0,1,0
434,434,26.992969751358032,0.0,0.14,-0.21,-0.01,-0.05,0.05,0.0,-0.0,0.0,13.82,3.96,-2.61,-1.43,-5.07,-0.02,-0.16,0.0,-13.41,-28.19,16.3,-19.62,2061.0,121.0,-9593.0,-994.0,0.0,0.0,0.0,0.0,0.0,0.0,1,1
435,435,27.054744720458984,0.0,-0.24,-0.06,0.05,0.02,-0.15,0.01,-0.0,0.0,-0.55,0.37,0.35,-0.19,-14.17,0.38,-0.32,0.15,-13.45,-28.17,16.32,-19.63,1211.0,144.0,-9612.0,-985.0,0.0,0.0,0.0,0.0,0.0,0.0,1,1
436,436,27.1156165599823,0.0,0.05,0.01,0.0,-0.0,-0.12,-0.0,0.01,-0.0,2.65,0.71,0.37,-0.47,-21.2,0.17,0.0,0.0,-13.29,-28.13,16.34,-19.66,-40.0,154.0,-9612.0,-985.0,0.0,0.0,0.0,0.0,0.0,0.0,1,0
437,437,27.17741751670837,0.0,-0.04,0.07,-0.02,0.02,0.31,-0.0,0.01,-0.0,0.0,4.63,-0.97,0.83,-2.88,0.0,-2.47,0.02,-13.29,-27.85,16.28,-19.61,-213.0,154.0,-9760.0,-984.0,0.0,0.0,0.0,0.0,0.0,0.0,1,1
438,438,27.23829340934753,0.0,0.14,-0.05,-0.02,-0.03,0.04,-0.0,-0.03,0.0,8.0,1.83,-1.93,-0.65,-0.8,0.07,-4.12,0.2,-12.82,-27.74,16.17,-19.65,-260.0,158.0,-10003.0,-972.0,0.0,0.0,0.0,0.0,0.0,0.0,1,1
439,439,27.289151906967163,0.0,0.08,0.02,0.02,0.03,0.01,0.0,0.03,0.0,13.0,3.04,-0.45,1.14,0.0,0.16,-2.43,0.3,-12.03,-27.56,16.14,-19.58,-260.0,168.0,-10151.0,-954.0,0.0,0.0,0.0,0.0,0.0,0.0,1,1
440,440,27.35100746154785,0.0,-0.05,-0.06,-0.03,-0.03,0.01,0.0,0.01,-0.0,10.13,-0.47,-2.27,-0.77,0.02,0.22,-1.97,0.07,-11.43,-27.58,16.01,-19.62,-259.0,181.0,-10267.0,-950.0,0.0,0.0,0.0,0.0,0.0,0.0,1,1
441,441,27.41278862953186,0.0,-0.12,0.06,0.04,-0.01,-0.05,-0.0,-0.0,0.0,2.93,3.24,-0.16,-1.31,-2.77,-0.02,-2.17,0.1,-11.25,-27.39,16.0,-19.7,-425.0,180.0,-10397.0,-944.0,0.0,0.0,0.0,0.0,0.0,0.0,1,1
442,442,27.47369074821472,0.0,-0.12,-0.03,0.02,0.02,-0.08,0.0,0.02,-0.0,-4.09,1.61,0.86,-0.08,-7.8,0.18,-0.69,-0.1,-11.5,-27.29,16.05,-19.71,-901.0,191.0,-10439.0,-950.0,0.0,0.0,0.0,0.0,0.0,0.0,1,1
443,443,27.53546094894409,0.0,-0.02,0.07,-0.01,-0.0,-0.11,-0.0,0.01,0.0,-5.32,5.92,0.44,-0.2,-14.12,-0.07,0.15,-0.05,-11.82,-26.94,16.07,-19.72,-1748.0,187.0,-10430.0,-953.0,0.0,0.0,0.0,0.0,0.0,0.0,1,1
444,444,27.596299648284912,0.0,0.16,0.03,-0.03,-0.01,0.04,0.0,0.0,0.0,4.54,7.61,-1.46,-0.64,-11.6,0.03,0.29,0.06,-11.54,-26.46,15.98,-19.76,-2467.0,189.0,-10412.0,-949.0,0.0,0.0,0.0,0.0,0.0,0.0,1,1
445,445,27.658177375793457,0.0,0.02,-0.07,0.01,0.01,0.06,0.0,0.0,0.0,6.0,3.35,-0.76,0.08,-7.77,0.07,0.42,0.08,-11.18,-26.26,15.94,-19.75,-2933.0,193.0,-10387.0,-944.0,0.0,0.0,0.0,0.0,0.0,0.0,1,1
446,446,27.7190055847168,0.0,0.03,-0.04,0.0,-0.01,-0.12,0.0,-0.01,-0.0,7.91,0.77,-0.52,-0.41,-14.47,0.26,0.12,0.05,-10.72,-26.22,15.91,-19.78,-3772.0,208.0,-10380.0,-941.0,0.0,0.0,0.0,0.0,0.0,0.0,1,1
447,447,27.78093814849853,0.0,-0.15,-0.04,0.01,-0.03,-0.05,0.0,-0.0,-0.0,-1.51,-1.56,-0.14,-2.3,-17.52,0.31,0.0,0.0,-10.81,-26.32,15.9,-19.92,-4858.0,227.0,-10380.0,-941.0,0.0,0.0,0.0,0.0,0.0,0.0,1,0
448,448,27.841712713241577,0.0,0.06,-0.02,0.06,0.03,-0.04,-0.0,-0.0,-0.0,2.03,-2.82,3.33,-0.68,-19.7,0.1,0.0,0.02,-10.69,-26.49,16.1,-19.96,-6060.0,233.0,-10380.0,-940.0,0.0,0.0,0.0,0.0,0.0,0.0,1,1
449,449,27.90348052978516,0.0,-0.15,0.06,-0.0,-0.01,0.09,0.0,-0.0,0.0,-7.06,0.77,3.27,-1.48,-14.21,0.18,0.3,0.11,-11.12,-26.44,16.3,-20.05,-6927.0,244.0,-10362.0,-933.0,0.0,0.0,0.0,0.0,0.0,0.0,1,1
450,450,27.964343786239624,0.0,0.13,0.03,-0.06,0.03,0.02,-0.0,-0.01,-0.0,0.88,2.71,-0.65,0.25,-12.85,-0.05,-0.33,-0.11,-11.07,-26.28,16.26,-20.04,-7711.0,241.0,-10382.0,-940.0,0.0,0.0,0.0,0.0,0.0,0.0,1,1
451,451,28.02628755569458,0.0,0.09,-0.06,-0.03,-0.01,0.08,0.0,-0.08,0.0,6.07,-0.9,-2.2,-0.64,-7.98,0.1,-5.1,-0.05,-10.7,-26.33,16.13,-20.08,-8198.0,247.0,-10693.0,-943.0,0.0,0.0,0.0,0.0,0.0,0.0,1,1
452,452,28.077087879180908,0.0,-0.01,-0.04,0.09,0.03,0.01,0.0,-0.05,0.0,5.39,-3.45,3.23,1.17,-7.31,0.2,-8.0,0.03,-10.37,-26.54,16.33,-20.0,-8644.0,259.0,-11181.0,-941.0,0.0,0.0,0.0,0.0,0.0,0.0,1,1
453,453,28.13899564743042,0.0,-0.07,-0.04,0.02,-0.07,0.09,-0.0,-0.05,0.0,1.23,-5.66,4.47,-2.89,-1.76,0.1,-11.07,0.1,-10.3,-26.87,16.59,-20.17,-8748.0,265.0,-11834.0,-935.0,0.0,0.0,0.0,0.0,0.0,0.0,1,1
454,454,28.19973397254944,0.0,0.08,-0.1,0.04,0.07,0.07,-0.0,0.1,-0.0,6.05,-11.82,6.94,1.2,2.68,-0.08,-4.68,-0.11,-9.92,-27.61,17.02,-20.1,-8582.0,260.0,-12124.0,-942.0,0.0,0.0,0.0,0.0,0.0,0.0,1,1
455,455,28.26167106628418,0.0,-0.22,0.15,-0.04,-0.03,0.04,0.0,0.09,0.0,-7.28,-2.97,4.66,-0.64,4.83,0.08,1.02,-0.08,-10.36,-27.79,17.3,-20.14,-8292.0,265.0,-12063.0,-947.0,0.0,0.0,0.0,0.0,0.0,0.0,1,1
456,456,28.322362899780277,0.0,0.06,0.06,-0.08,0.0,-0.02,-0.0,0.02,0.0,-3.78,0.77,-0.3,-0.56,3.92,0.0,1.97,0.03,-10.59,-27.74,17.28,-20.17,-8053.0,265.0,-11943.0,-945.0,0.0,0.0,0.0,0.0,0.0,0.0,1,1
457,457,28.38426232337952,0.0,0.08,0.03,-0.01,0.04,-0.04,-0.0,0.02,-0.0,0.94,2.65,-1.11,1.96,1.59,0.05,2.92,0.0,-10.53,-27.58,17.22,-20.06,-7959.0,268.0,-11771.0,-945.0,0.0,0.0,0.0,0.0,0.0,0.0,1,1
458,458,28.445061206817627,0.0,0.03,-0.09,0.02,0.02,0.05,-0.0,0.04,-0.0,2.5,-2.9,0.02,3.16,4.75,0.0,5.47,-0.17,-10.39,-27.75,17.22,-19.87,-7679.0,268.0,-11448.0,-955.0,0.0,0.0,0.0,0.0,0.0,0.0,1,1
459,459,28.506969451904297,0.0,-0.01,-0.04,0.03,-0.01,-0.07,-0.0,-0.01,-0.0,1.93,-5.48,1.73,2.64,0.72,0.1,5.12,-0.18,-10.27,-28.08,17.32,-19.71,-7636.0,274.0,-11141.0,-966.0,0.0,0.0,0.0,0.0,0.0,0.0,1,1
460,460,28.55781936645508,0.0,-0.1,0.07,-0.0,-0.05,0.04,-0.0,-0.03,0.0,-3.97,-1.04,1.61,-0.61,2.9,0.07,3.21,0.07,-10.51,-28.15,17.42,-19.75,-7459.0,278.0,-10945.0,-962.0,0.0,0.0,0.0,0.0,0.0,0.0,1,1
461,461,28.619569301605225,0.0,0.06,-0.07,-0.01,-0.01,-0.04,0.0,-0.05,-0.0,-0.21,-5.55,0.9,-1.26,0.25,0.08,-0.13,0.02,-10.52,-28.48,17.47,-19.83,-7444.0,283.0,-10953.0,-961.0,0.0,0.0,0.0,0.0,0.0,0.0,1,1
462,462,28.681432723999023,0.0,0.13,0.05,-0.02,0.01,0.03,0.0,-0.0,-0.0,7.62,-2.85,-0.16,-0.4,2.05,0.2,-0.3,-0.12,-10.07,-28.66,17.46,-19.85,-7321.0,295.0,-10971.0,-968.0,0.0,0.0,0.0,0.0,0.0,0.0,1,1
463,463,28.742384910583496,0.0,-0.03,-0.01,0.01,0.03,-0.03,-0.0,-0.02,0.0,5.65,-3.63,0.64,1.59,0.15,0.08,-1.31,-0.11,-9.72,-28.88,17.5,-19.75,-7312.0,300.0,-11051.0,-975.0,0.0,0.0,0.0,0.0,0.0,0.0,1,1
464,464,28.804108142852783,0.0,0.05,-0.14,-0.04,-0.01,-0.24,-0.0,0.02,0.0,8.69,-11.75,-1.54,1.2,-14.4,0.0,-0.05,0.0,-9.2,-29.58,17.41,-19.68,-8176.0,300.0,-11054.0,-975.0,0.0,0.0,0.0,0.0,0.0,0.0,1,1
465,465,28.865036725997925,0.0,-0.17,0.13,-0.0,-0.01,-0.01,-0.0,0.04,0.0,-1.58,-3.98,-1.58,0.45,-14.89,0.08,2.31,0.07,-9.3,-29.82,17.31,-19.65,-9084.0,305.0,-10913.0,-971.0,0.0,0.0,0.0,0.0,0.0,0.0,1,1
466,466,28.92683482170105,0.0,-0.0,0.11,-0.05,-0.03,-0.01,-0.0,0.02,-0.0,-1.87,3.03,-4.36,-1.57,-15.44,0.0,3.54,-0.11,-9.41,-29.64,17.05,-19.75,-10026.0,305.0,-10697.0,-978.0,0.0,0.0,0.0,0.0,0.0,0.0,1,1
467,467,28.987699031829838,0.0,-0.0,0.04,0.07,0.05,0.12,-0.0,-0.01,0.0,-2.09,5.29,-0.28,1.67,-8.02,-0.1,3.16,-0.11,-9.54,-29.31,17.03,-19.65,-10523.0,299.0,-10501.0,-985.0,0.0,0.0,0.0,0.0,0.0,0.0,1,1
468,468,29.049447774887085,0.0,0.01,0.08,0.01,0.04,-0.02,0.0,-0.03,0.0,-1.18,10.3,0.54,3.82,-9.11,0.02,1.08,-0.1,-9.61,-28.68,17.06,-19.41,-11079.0,300.0,-10435.0,-991.0,0.0,0.0,0.0,0.0,0.0,0.0,1,1
469,469,29.110313177108765,0.0,0.01,-0.07,-0.02,-0.02,0.07,-0.0,-0.02,0.0,-0.58,5.9,-0.67,2.68,-5.05,-0.02,0.17,-0.05,-9.65,-28.34,17.03,-19.25,-11377.0,299.0,-10425.0,-994.0,0.0,0.0,0.0,0.0,0.0,0.0,1,1
470,470,29.17223620414734,0.0,-0.02,-0.04,-0.0,-0.02,-0.08,0.0,0.03,0.0,-1.53,3.57,-0.67,1.28,-10.0,0.02,1.92,0.11,-9.74,-28.12,16.98,-19.18,-11987.0,300.0,-10308.0,-987.0,0.0,0.0,0.0,0.0,0.0,0.0,1,1
471,471,29.23392629623413,0.0,0.05,-0.01,-0.02,-0.04,-0.02,-0.0,0.01,-0.0,1.71,2.88,-1.64,-1.04,-11.28,0.0,2.74,0.02,-9.64,-27.94,16.88,-19.24,-12675.0,300.0,-10141.0,-986.0,0.0,0.0,0.0,0.0,0.0,0.0,1,1
472,472,29.29493260383606,0.0,-0.03,0.01,0.1,0.02,0.1,-0.0,-0.05,-0.0,0.11,3.23,4.5,0.25,-5.31,0.0,-0.38,-0.05,-9.63,-27.75,17.16,-19.22,-12999.0,300.0,-10164.0,-989.0,0.0,0.0,0.0,0.0,0.0,0.0,1,1
473,473,29.356600284576416,0.0,-0.05,0.06,-0.02,0.11,0.04,-0.0,-0.0,-0.01,-2.89,6.75,3.21,7.21,-2.74,-0.08,-0.49,-0.57,-9.8,-27.33,17.35,-18.78,-13166.0,295.0,-10194.0,-1024.0,0.0,0.0,0.0,0.0,0.0,0.0,1,1
474,474,29.417577981948853,0.0,0.02,-0.08,-0.07,-0.01,0.03,-0.0,-0.16,0.0,-1.69,1.97,-0.96,6.5,-0.82,-0.1,-10.39,-0.49,-9.91,-27.21,17.3,-18.39,-13216.0,289.0,-10828.0,-1054.0,0.0,0.0,0.0,0.0,0.0,0.0,1,1
475,475,29.4793119430542,0.0,0.08,0.02,-0.01,0.0,0.02,0.0,-0.12,0.01,3.31,3.16,-1.79,6.7,0.47,-0.05,-17.98,0.05,-9.7,-27.02,17.18,-17.97,-13187.0,286.0,-11943.0,-1051.0,0.0,0.0,0.0,0.0,0.0,0.0,1,1
476,476,29.5401074886322,0.0,-0.03,-0.03,0.14,0.07,-0.0,0.0,0.03,-0.0,1.27,1.35,6.46,10.89,0.25,0.15,-16.07,-0.18,-9.63,-26.94,17.57,-17.32,-13172.0,295.0,-12907.0,-1062.0,0.0,0.0,0.0,0.0,0.0,0.0,1,1
477,477,29.601977109909058,0.0,-0.03,0.01,0.16,0.03,-0.03,-0.0,0.12,-0.01,-0.24,2.01,16.35,12.89,-1.67,0.08,-8.82,-0.78,-9.64,-26.82,18.55,-16.55,-13272.0,300.0,-13436.0,-1109.0,0.0,0.0,0.0,0.0,0.0,0.0,1,1
478,478,29.662862300872803,0.0,0.0,-0.05,-0.18,-0.14,0.03,-0.0,-0.01,-0.01,-0.04,-1.08,5.27,4.5,-0.1,0.0,-9.48,-1.23,-9.64,-26.88,18.88,-16.27,-13278.0,300.0,-14024.0,-1185.0,0.0,0.0,0.0,0.0,0.0,0.0,1,1
479,479,29.72464346885681,0.0,-0.04,-0.01,0.11,-0.01,0.0,-0.0,0.04,0.01,-2.69,-1.55,12.1,4.02,-0.03,0.05,-7.15,-0.44,-9.81,-26.98,19.63,-16.02,-13280.0,303.0,-14467.0,-1212.0,0.0,0.0,0.0,0.0,0.0,0.0,1,1
480,480,29.785452127456665,0.0,-0.0,-0.06,0.02,0.0,0.02,-0.0,0.11,0.0,-2.8,-5.55,13.27,4.06,0.95,-0.03,-0.05,-0.19,-9.98,-27.32,20.45,-15.77,-13221.0,301.0,-14470.0,-1224.0,0.0,0.0,0.0,0.0,0.0,0.0,1,1
481,481,29.847328424453732,0.0,-0.01,0.02,0.01,-0.0,0.01,-0.0,-0.14,-0.01,-3.12,-4.25,13.68,3.96,1.28,-0.12,-8.6,-1.05,-10.17,-27.58,21.27,-15.53,-13144.0,294.0,-14986.0,-1287.0,0.0,0.0,0.0,0.0,0.0,0.0,1,1
482,482,29.908181190490723,0.0,0.03,0.03,-0.08,-0.06,-0.02,0.0,0.0,0.01,-1.12,-2.39,8.86,0.06,0.06,-0.11,-8.37,-0.17,-10.24,-27.73,21.83,-15.52,-13140.0,287.0,-15513.0,-1298.0,0.0,0.0,0.0,0.0,0.0,0.0,1,1
483,483,29.970101833343502,0.0,0.01,0.07,-0.2,-0.03,0.0,0.0,0.09,-0.0,-0.79,1.87,-3.25,-1.9,0.34,-0.05,-3.13,-0.28,-10.29,-27.62,21.63,-15.64,-13119.0,284.0,-15704.0,-1315.0,0.0,0.0,0.0,0.0,0.0,0.0,1,1
484,484,30.02182102203369,0.0,-0.02,0.0,0.02,0.05,0.01,0.0,-0.04,0.01,-1.94,1.91,-1.89,1.31,0.81,-0.02,-5.66,0.06,-10.41,-27.5,21.52,-15.56,-13069.0,283.0,-16055.0,-1311.0,0.0,0.0,0.0,0.0,0.0,0.0,1,1
485,485,30.08369016647339,0.0,-0.05,0.28,-0.09,-0.02,-0.0,-0.01,0.02,0.0,-4.71,18.84,-7.18,0.24,0.8,-0.38,-4.42,0.1,-10.69,-26.37,21.09,-15.55,-13021.0,260.0,-16320.0,-1305.0,0.0,0.0,0.0,0.0,0.0,0.0,1,1
486,486,30.14449548721313,0.0,0.1,-0.16,0.05,0.01,0.0,0.01,0.0,0.0,1.12,8.88,-4.21,0.6,0.93,0.03,-4.26,0.26,-10.62,-25.83,20.83,-15.51,-12964.0,262.0,-16580.0,-1289.0,0.0,0.0,0.0,0.0,0.0,0.0,1,1
487,487,30.205331563949585,0.0,0.07,-0.05,-0.03,-0.06,-0.01,0.0,0.01,0.0,5.46,5.73,-5.89,-2.96,0.08,0.08,-3.48,0.27,-10.3,-25.48,20.47,-15.69,-12959.0,267.0,-16789.0,-1273.0,0.0,0.0,0.0,0.0,0.0,0.0,1,1
